#
# A fatal error has been detected by the Java Runtime Environment:
#
#  Internal Error (assembler_aarch64.hpp:264), pid=18536, tid=23811
#  guarantee(chk == -1 || chk == 0) failed: Field too big for insn
#
# JRE version: OpenJDK Runtime Environment Corretto-21.0.2.13.1 (21.0.2+13) (build 21.0.2+13-LTS)
# Java VM: OpenJDK 64-Bit Server VM Corretto-21.0.2.13.1 (21.0.2+13-LTS, mixed mode, sharing, tiered, compressed oops, compressed class ptrs, g1 gc, bsd-aarch64)
# No core dump will be written. Core dumps have been disabled. To enable core dumping, try "ulimit -c unlimited" before starting Java again
#
# If you would like to submit a bug report, please visit:
#   https://github.com/corretto/corretto-21/issues/
#

---------------  S U M M A R Y ------------

Command Line: -Dcompose.application.configure.swing.globals=true -Dcompose.application.resources.dir=/Users/joeroskopf/Code/Phoebe/composeApp/build/compose/tmp/prepareAppResources -Dphoebe.debug=true -Dphoebe.mediakeys.lib=/Users/joeroskopf/Code/Phoebe/composeApp/build/native/macos/libPhoebeMediaKeys.dylib -Dphoebe.storage.root=/Users/joeroskopf/.phoebe-debug -Dskiko.gpu.resourceCacheLimit=64M -XX:MinHeapFreeRatio=5 -XX:MaxHeapFreeRatio=20 -XX:+UseStringDeduplication -Xms32m -Xmx256m -Dfile.encoding=UTF-8 -Duser.country=US -Duser.language=en -Duser.variant com.phoebe.app.MainKt

Host: "MacBookPro18,1" arm64, 10 cores, 32G, Darwin 25.4.0, macOS 26.4.1 (25E253)
Time: Sun May 24 12:15:30 2026 CDT elapsed time: 26.631227 seconds (0d 0h 0m 26s)

---------------  T H R E A D  ---------------

Current thread (0x0000000902c64800):  JavaThread "C1 CompilerThread0" daemon [_thread_in_native, id=23811, stack(0x000000016d444000,0x000000016d647000) (2060K)]


Current CompileTask:
C1:  26631 15025 % !   3       androidx.compose.runtime.Recomposer$runRecomposeAndApplyChanges$2::invokeSuspend$lambda$2 @ 150 (2048 bytes)

Stack: [0x000000016d444000,0x000000016d647000],  sp=0x000000016d6456d0,  free space=2053k
Native frames: (J=compiled Java code, j=interpreted, Vv=VM code, C=native code)
V  [libjvm.dylib+0xaa4094]  VMError::report_and_die(int, char const*, char const*, char*, Thread*, unsigned char*, void*, void*, char const*, int, unsigned long)+0x54c  (assembler_aarch64.hpp:264)
V  [libjvm.dylib+0xaa4870]  VMError::report_and_die(Thread*, char const*, int, unsigned long, VMErrorType, char const*, char*)+0x0
V  [libjvm.dylib+0x3046e4]  print_error_for_unit_test(char const*, char const*, char*)+0x0
V  [libjvm.dylib+0x8dc80]  Address::encode_pair(Instruction_aarch64*) const+0x11c
V  [libjvm.dylib+0x1b5fd0]  LIR_Assembler::osr_entry()+0x190
V  [libjvm.dylib+0x1b4160]  LIR_Assembler::emit_lir_list(LIR_List*)+0x9c
V  [libjvm.dylib+0x1b4208]  LIR_Assembler::emit_code(BlockList*)+0x74
V  [libjvm.dylib+0x18629c]  Compilation::emit_code_body()+0xdc
V  [libjvm.dylib+0x1869d0]  Compilation::compile_java_method()+0x360
V  [libjvm.dylib+0x186c80]  Compilation::compile_method()+0x19c
V  [libjvm.dylib+0x18701c]  Compilation::Compilation(AbstractCompiler*, ciEnv*, ciMethod*, int, BufferBlob*, bool, DirectiveSet*)+0x1a8
V  [libjvm.dylib+0x18891c]  Compiler::compile_method(ciEnv*, ciMethod*, int, bool, DirectiveSet*)+0x5c
V  [libjvm.dylib+0x2cdd50]  CompileBroker::invoke_compiler_on_method(CompileTask*)+0x4c0
V  [libjvm.dylib+0x2cd6f0]  CompileBroker::compiler_thread_loop()+0x418
V  [libjvm.dylib+0x4ea9ac]  JavaThread::thread_main_inner()+0x98
V  [libjvm.dylib+0xa24d0c]  Thread::call_run()+0xc8
V  [libjvm.dylib+0x858800]  thread_native_entry(Thread*)+0x118
C  [libsystem_pthread.dylib+0x6c58]  _pthread_start+0x88

---------------  P R O C E S S  ---------------

Threads class SMR info:
_java_thread_list=0x000000090a654000, length=59, elements={
0x000000010505b320, 0x0000000105076cd0, 0x00000001050773d0, 0x0000000902c7c000,
0x0000000902c7c700, 0x0000000902c7ce00, 0x0000000902c65000, 0x0000000902c64800,
0x0000000902c7d500, 0x0000000902c7dc00, 0x0000000902c7e300, 0x0000000902c7f100,
0x0000000902c7f800, 0x0000000902d3c700, 0x0000000902068e00, 0x0000000902069500,
0x0000000902069c00, 0x000000090206aa00, 0x000000090206b100, 0x00000009020c0000,
0x00000009021ce300, 0x00000009022c8000, 0x0000000901c07100, 0x0000000901d94e00,
0x0000000901d96300, 0x0000000901d97100, 0x0000000901e62300, 0x0000000901e62a00,
0x0000000901e63100, 0x0000000901e63800, 0x0000000901f0ea00, 0x0000000901878700,
0x0000000901879500, 0x000000090187aa00, 0x00000009018ece00, 0x000000090103d500,
0x0000000900c68e00, 0x0000000900c69500, 0x0000000900c69c00, 0x0000000900c6a300,
0x0000000900c6aa00, 0x0000000900c6b100, 0x0000000900c6b800, 0x0000000901d95500,
0x0000000902830000, 0x0000000902830700, 0x0000000902830e00, 0x0000000902831500,
0x0000000902831c00, 0x0000000900e04700, 0x00000008ffdf5500, 0x00000008ffe72300,
0x00000008ff4adc00, 0x00000008ff4ae300, 0x00000008ff4aea00, 0x00000008ff4af100,
0x0000000900ecc700, 0x0000000900ecf800, 0x00000008ffe70000
}

Java Threads: ( => current thread )
  0x000000010505b320 JavaThread "main"                              [_thread_blocked, id=4355, stack(0x000000016b684000,0x000000016b887000) (2060K)]
  0x0000000105076cd0 JavaThread "Reference Handler"          daemon [_thread_blocked, id=23043, stack(0x000000016c7fc000,0x000000016c9ff000) (2060K)]
  0x00000001050773d0 JavaThread "Finalizer"                  daemon [_thread_blocked, id=32003, stack(0x000000016ca08000,0x000000016cc0b000) (2060K)]
  0x0000000902c7c000 JavaThread "Signal Dispatcher"          daemon [_thread_blocked, id=31747, stack(0x000000016cc14000,0x000000016ce17000) (2060K)]
  0x0000000902c7c700 JavaThread "Service Thread"             daemon [_thread_blocked, id=31235, stack(0x000000016ce20000,0x000000016d023000) (2060K)]
  0x0000000902c7ce00 JavaThread "Monitor Deflation Thread"   daemon [_thread_blocked, id=30723, stack(0x000000016d02c000,0x000000016d22f000) (2060K)]
  0x0000000902c65000 JavaThread "C2 CompilerThread0"         daemon [_thread_blocked, id=23555, stack(0x000000016d238000,0x000000016d43b000) (2060K)]
=>0x0000000902c64800 JavaThread "C1 CompilerThread0"         daemon [_thread_in_native, id=23811, stack(0x000000016d444000,0x000000016d647000) (2060K)]
  0x0000000902c7d500 JavaThread "StringDedupThread"          daemon [_thread_blocked, id=29955, stack(0x000000016d650000,0x000000016d853000) (2060K)]
  0x0000000902c7dc00 JavaThread "Notification Thread"        daemon [_thread_blocked, id=29699, stack(0x000000016d85c000,0x000000016da5f000) (2060K)]
  0x0000000902c7e300 JavaThread "Common-Cleaner"             daemon [_thread_blocked, id=24835, stack(0x000000016da68000,0x000000016dc6b000) (2060K)]
  0x0000000902c7f100 JavaThread "Java2D Disposer"            daemon [_thread_blocked, id=28935, stack(0x000000016de80000,0x000000016e083000) (2060K)]
  0x0000000902c7f800 JavaThread "JavaFX Application Thread"  daemon [_thread_in_native, id=259, stack(0x000000016adfc000,0x000000016b5f8000) (8176K)]
  0x0000000902d3c700 JavaThread "AWT-Shutdown"                      [_thread_blocked, id=63247, stack(0x000000016e230000,0x000000016e433000) (2060K)]
  0x0000000902068e00 JavaThread "DefaultDispatcher-worker-1" daemon [_thread_blocked, id=71683, stack(0x000000016f290000,0x000000016f493000) (2060K)]
  0x0000000902069500 JavaThread "DefaultDispatcher-worker-2" daemon [_thread_blocked, id=80387, stack(0x000000016f49c000,0x000000016f69f000) (2060K)]
  0x0000000902069c00 JavaThread "DefaultDispatcher-worker-3" daemon [_thread_blocked, id=72195, stack(0x000000016f6a8000,0x000000016f8ab000) (2060K)]
  0x000000090206aa00 JavaThread "Reference Cleaner"          daemon [_thread_blocked, id=79875, stack(0x000000016f8b4000,0x000000016fab7000) (2060K)]
  0x000000090206b100 JavaThread "kotlinx.coroutines.DefaultExecutor" daemon [_thread_blocked, id=72451, stack(0x000000016fac0000,0x000000016fcc3000) (2060K)]
  0x00000009020c0000 JavaThread "AWT-EventQueue-0"                  [_thread_blocked, id=72963, stack(0x000000016fccc000,0x000000016fecf000) (2060K)]
  0x00000009021ce300 JavaThread "Java2D Queue Flusher"       daemon [_thread_blocked, id=79379, stack(0x000000016fed8000,0x00000001700db000) (2060K)]
  0x00000009022c8000 JavaThread "TimerQueue"                 daemon [_thread_blocked, id=88331, stack(0x00000001704fc000,0x00000001706ff000) (2060K)]
  0x0000000901c07100 JavaThread "skiko-dispatcher-to-block-on" daemon [_thread_blocked, id=90643, stack(0x0000000170794000,0x0000000170997000) (2060K)]
  0x0000000901d94e00 JavaThread "SentryExecutorServiceThreadFactory-0" daemon [_thread_blocked, id=126747, stack(0x0000000170a2c000,0x0000000170c2f000) (2060K)]
  0x0000000901d96300 JavaThread "SentryHostnameCache-0"      daemon [_thread_blocked, id=92947, stack(0x0000000170c38000,0x0000000170e3b000) (2060K)]
  0x0000000901d97100 JavaThread "SentryExecutorServiceThreadFactory-0" daemon [_thread_blocked, id=93187, stack(0x0000000170e44000,0x0000000171047000) (2060K)]
  0x0000000901e62300 JavaThread "DefaultDispatcher-worker-4" daemon [_thread_blocked, id=73907, stack(0x00000001700e4000,0x00000001702e7000) (2060K)]
  0x0000000901e62a00 JavaThread "DefaultDispatcher-worker-5" daemon [_thread_blocked, id=125507, stack(0x0000000171050000,0x0000000171253000) (2060K)]
  0x0000000901e63100 JavaThread "DefaultDispatcher-worker-6" daemon [_thread_blocked, id=128035, stack(0x000000017125c000,0x000000017145f000) (2060K)]
  0x0000000901e63800 JavaThread "DefaultDispatcher-worker-7" daemon [_thread_blocked, id=125211, stack(0x0000000171468000,0x000000017166b000) (2060K)]
  0x0000000901f0ea00 JavaThread "HttpClient-1-SelectorManager" daemon [_thread_in_native, id=93699, stack(0x0000000171880000,0x0000000171a83000) (2060K)]
  0x0000000901878700 JavaThread "process reaper"             daemon [_thread_blocked, id=119603, stack(0x00000001709a0000,0x00000001709d7000) (220K)]
  0x0000000901879500 JavaThread "Phoebe-desktop-playback"    daemon [_thread_blocked, id=124955, stack(0x0000000171674000,0x0000000171877000) (2060K)]
  0x000000090187aa00 JavaThread "QuantumRenderer-0"          daemon [_thread_blocked, id=126099, stack(0x0000000171c98000,0x0000000171e9b000) (2060K)]
  0x00000009018ece00 JavaThread "InvokeLaterDispatcher"      daemon [_thread_blocked, id=101403, stack(0x0000000171ea4000,0x00000001720a7000) (2060K)]
  0x000000090103d500 JavaThread "DefaultDispatcher-worker-8" daemon [_thread_blocked, id=116915, stack(0x0000000171a8c000,0x0000000171c8f000) (2060K)]
  0x0000000900c68e00 JavaThread "DefaultDispatcher-worker-9" daemon [_thread_blocked, id=123771, stack(0x0000000172254000,0x0000000172457000) (2060K)]
  0x0000000900c69500 JavaThread "DefaultDispatcher-worker-10" daemon [_thread_blocked, id=116299, stack(0x0000000172460000,0x0000000172663000) (2060K)]
  0x0000000900c69c00 JavaThread "DefaultDispatcher-worker-11" daemon [_thread_blocked, id=115747, stack(0x000000017266c000,0x000000017286f000) (2060K)]
  0x0000000900c6a300 JavaThread "DefaultDispatcher-worker-12" daemon [_thread_blocked, id=104051, stack(0x0000000172878000,0x0000000172a7b000) (2060K)]
  0x0000000900c6aa00 JavaThread "DefaultDispatcher-worker-13" daemon [_thread_blocked, id=104203, stack(0x0000000172a84000,0x0000000172c87000) (2060K)]
  0x0000000900c6b100 JavaThread "DefaultDispatcher-worker-14" daemon [_thread_blocked, id=104707, stack(0x0000000172c90000,0x0000000172e93000) (2060K)]
  0x0000000900c6b800 JavaThread "DefaultDispatcher-worker-15" daemon [_thread_blocked, id=114947, stack(0x0000000172e9c000,0x000000017309f000) (2060K)]
  0x0000000901d95500 JavaThread "DefaultDispatcher-worker-16" daemon [_thread_blocked, id=105243, stack(0x00000001730a8000,0x00000001732ab000) (2060K)]
  0x0000000902830000 JavaThread "DefaultDispatcher-worker-17" daemon [_thread_blocked, id=105475, stack(0x00000001732b4000,0x00000001734b7000) (2060K)]
  0x0000000902830700 JavaThread "DefaultDispatcher-worker-18" daemon [_thread_blocked, id=105987, stack(0x00000001734c0000,0x00000001736c3000) (2060K)]
  0x0000000902830e00 JavaThread "DefaultDispatcher-worker-19" daemon [_thread_blocked, id=114179, stack(0x00000001736cc000,0x00000001738cf000) (2060K)]
  0x0000000902831500 JavaThread "DefaultDispatcher-worker-20" daemon [_thread_blocked, id=106499, stack(0x00000001738d8000,0x0000000173adb000) (2060K)]
  0x0000000902831c00 JavaThread "DefaultDispatcher-worker-21" daemon [_thread_blocked, id=107011, stack(0x0000000173ae4000,0x0000000173ce7000) (2060K)]
  0x0000000900e04700 JavaThread "DefaultDispatcher-worker-22" daemon [_thread_blocked, id=107603, stack(0x0000000173cf0000,0x0000000173ef3000) (2060K)]
  0x00000008ffdf5500 JavaThread "skiko-dispatcher-to-block-on" daemon [_thread_in_native, id=110955, stack(0x0000000174014000,0x0000000174217000) (2060K)]
  0x00000008ffe72300 JavaThread "SentryAsyncConnection-0"    daemon [_thread_blocked, id=109763, stack(0x0000000174220000,0x0000000174423000) (2060K)]
  0x00000008ff4adc00 JavaThread "HttpClient-1-Worker-0"      daemon [_thread_blocked, id=99315, stack(0x000000017442c000,0x000000017462f000) (2060K)]
  0x00000008ff4ae300 JavaThread "HttpClient-1-Worker-1"      daemon [_thread_blocked, id=171803, stack(0x0000000174638000,0x000000017483b000) (2060K)]
  0x00000008ff4aea00 JavaThread "HttpClient-1-Worker-2"      daemon [_thread_blocked, id=171011, stack(0x0000000174844000,0x0000000174a47000) (2060K)]
  0x00000008ff4af100 JavaThread "JFXMedia Player EventQueueThread" daemon [_thread_blocked, id=68279, stack(0x0000000174a50000,0x0000000174c53000) (2060K)]
  0x0000000900ecc700 JavaThread "Media Resource Disposer"    daemon [_thread_blocked, id=136707, stack(0x0000000175030000,0x0000000175233000) (2060K)]
  0x0000000900ecf800 JavaThread "Timer-0"                    daemon [_thread_blocked, id=143131, stack(0x0000000175958000,0x0000000175b5b000) (2060K)]
  0x00000008ffe70000 JavaThread "Phoebe-desktop-crossfade-prefetch" daemon [_thread_blocked, id=183043, stack(0x0000000175e20000,0x0000000176023000) (2060K)]
Total: 59

Other Threads:
  0x000000090302e400 VMThread "VM Thread"                           [id=19203, stack(0x000000016c4d8000,0x000000016c6db000) (2060K)]
  0x000000010506d080 WatcherThread "VM Periodic Task Thread"        [id=20739, stack(0x000000016c2cc000,0x000000016c4cf000) (2060K)]
  0x0000000105063630 WorkerThread "GC Thread#0"                     [id=14595, stack(0x000000016b890000,0x000000016ba93000) (2060K)]
  0x000000090593ac00 WorkerThread "GC Thread#1"                     [id=81683, stack(0x000000016dc74000,0x000000016de77000) (2060K)]
  0x000000090593b400 WorkerThread "GC Thread#2"                     [id=83211, stack(0x000000016e43c000,0x000000016e63f000) (2060K)]
  0x000000090593b800 WorkerThread "GC Thread#3"                     [id=81443, stack(0x000000016e648000,0x000000016e84b000) (2060K)]
  0x00000009057fa000 WorkerThread "GC Thread#4"                     [id=82703, stack(0x000000016e854000,0x000000016ea57000) (2060K)]
  0x00000009057fa800 WorkerThread "GC Thread#5"                     [id=70147, stack(0x000000016ea60000,0x000000016ec63000) (2060K)]
  0x00000009057fb000 WorkerThread "GC Thread#6"                     [id=70659, stack(0x000000016ec6c000,0x000000016ee6f000) (2060K)]
  0x00000009057f9400 WorkerThread "GC Thread#7"                     [id=70915, stack(0x000000016ee78000,0x000000016f07b000) (2060K)]
  0x0000000905ae0000 WorkerThread "GC Thread#8"                     [id=80899, stack(0x000000016f084000,0x000000016f287000) (2060K)]
  0x00000001050656c0 ConcurrentGCThread "G1 Main Marker"            [id=14339, stack(0x000000016ba9c000,0x000000016bc9f000) (2060K)]
  0x0000000105066160 WorkerThread "G1 Conc#0"                       [id=13059, stack(0x000000016bca8000,0x000000016beab000) (2060K)]
  0x0000000905c82000 WorkerThread "G1 Conc#1"                       [id=78339, stack(0x00000001702f0000,0x00000001704f3000) (2060K)]
  0x000000090302c400 ConcurrentGCThread "G1 Refine#0"               [id=13571, stack(0x000000016beb4000,0x000000016c0b7000) (2060K)]
  0x000000090302cc00 ConcurrentGCThread "G1 Service"                [id=16643, stack(0x000000016c0c0000,0x000000016c2c3000) (2060K)]
Total: 16

Threads with active compile tasks:
C1 CompilerThread0    26639 15025 % !   3       androidx.compose.runtime.Recomposer$runRecomposeAndApplyChanges$2::invokeSuspend$lambda$2 @ 150 (2048 bytes)
Total: 1

VM state: not at safepoint (normal execution)

VM Mutex/Monitor currently owned by a thread: None

Heap address: 0x000000059a800000, size: 256 MB, Compressed Oops mode: Zero based, Oop shift amount: 3

CDS archive(s) mapped at: [0x0000000300000000-0x0000000300ca4000-0x0000000300ca4000), size 13254656, SharedBaseAddress: 0x0000000300000000, ArchiveRelocationMode: 1.
Compressed class space mapped at: 0x0000000301000000-0x0000000341000000, reserved size: 1073741824
Narrow klass base: 0x0000000300000000, Narrow klass shift: 0, Narrow klass range: 0x100000000

GC Precious Log:
 CardTable entry size: 512
 Card Set container configuration: InlinePtr #cards 5 size 8 Array Of Cards #cards 12 size 40 Howl #buckets 4 coarsen threshold 1843 Howl Bitmap #cards 512 size 80 coarsen threshold 460 Card regions per heap region 1 cards per card region 2048
 CPUs: 10 total, 10 available
 Memory: 32768M
 Large Page Support: Disabled
 NUMA Support: Disabled
 Compressed Oops: Enabled (Zero based)
 Heap Region Size: 1M
 Heap Min Capacity: 32M
 Heap Initial Capacity: 32M
 Heap Max Capacity: 256M
 Pre-touch: Disabled
 Parallel Workers: 9
 Concurrent Workers: 2
 Concurrent Refinement Workers: 9
 Periodic GC: Disabled
 String Deduplication is enabled

Heap:
 garbage-first heap   total 69632K, used 58402K [0x000000059a800000, 0x00000005aa800000)
  region size 1024K, 8 young (8192K), 1 survivors (1024K)
 Metaspace       used 73853K, committed 75200K, reserved 1179648K
  class space    used 7557K, committed 8128K, reserved 1048576K

Heap Regions: E=young(eden), S=young(survivor), O=old, HS=humongous(starts), HC=humongous(continues), CS=collection set, F=free, TAMS=top-at-mark-start, PB=parsable bottom
|   0|0x000000059a800000, 0x000000059a900000, 0x000000059a900000|100%| O|  |TAMS 0x000000059a800000| PB 0x000000059a800000| Untracked 
|   1|0x000000059a900000, 0x000000059aa00000, 0x000000059aa00000|100%| O|  |TAMS 0x000000059a900000| PB 0x000000059a900000| Untracked 
|   2|0x000000059aa00000, 0x000000059ab00000, 0x000000059ab00000|100%| O|  |TAMS 0x000000059aa00000| PB 0x000000059aa00000| Untracked 
|   3|0x000000059ab00000, 0x000000059ac00000, 0x000000059ac00000|100%| O|Cm|TAMS 0x000000059ab00000| PB 0x000000059ab00000| Complete 
|   4|0x000000059ac00000, 0x000000059ad00000, 0x000000059ad00000|100%| O|  |TAMS 0x000000059ac00000| PB 0x000000059ac00000| Untracked 
|   5|0x000000059ad00000, 0x000000059ae00000, 0x000000059ae00000|100%| O|  |TAMS 0x000000059ad00000| PB 0x000000059ad00000| Untracked 
|   6|0x000000059ae00000, 0x000000059af00000, 0x000000059af00000|100%| O|  |TAMS 0x000000059ae00000| PB 0x000000059ae00000| Untracked 
|   7|0x000000059af00000, 0x000000059b000000, 0x000000059b000000|100%| O|  |TAMS 0x000000059af00000| PB 0x000000059af00000| Untracked 
|   8|0x000000059b000000, 0x000000059b100000, 0x000000059b100000|100%| O|  |TAMS 0x000000059b000000| PB 0x000000059b000000| Untracked 
|   9|0x000000059b100000, 0x000000059b200000, 0x000000059b200000|100%| O|  |TAMS 0x000000059b100000| PB 0x000000059b100000| Untracked 
|  10|0x000000059b200000, 0x000000059b300000, 0x000000059b300000|100%| O|  |TAMS 0x000000059b200000| PB 0x000000059b200000| Untracked 
|  11|0x000000059b300000, 0x000000059b300000, 0x000000059b400000|  0%| F|  |TAMS 0x000000059b300000| PB 0x000000059b300000| Untracked 
|  12|0x000000059b400000, 0x000000059b500000, 0x000000059b500000|100%| O|  |TAMS 0x000000059b400000| PB 0x000000059b400000| Untracked 
|  13|0x000000059b500000, 0x000000059b600000, 0x000000059b600000|100%| O|  |TAMS 0x000000059b500000| PB 0x000000059b500000| Untracked 
|  14|0x000000059b600000, 0x000000059b700000, 0x000000059b700000|100%| O|  |TAMS 0x000000059b600000| PB 0x000000059b600000| Untracked 
|  15|0x000000059b700000, 0x000000059b800000, 0x000000059b800000|100%| O|  |TAMS 0x000000059b700000| PB 0x000000059b700000| Untracked 
|  16|0x000000059b800000, 0x000000059b800000, 0x000000059b900000|  0%| F|  |TAMS 0x000000059b800000| PB 0x000000059b800000| Untracked 
|  17|0x000000059b900000, 0x000000059ba00000, 0x000000059ba00000|100%| O|  |TAMS 0x000000059b900000| PB 0x000000059b900000| Untracked 
|  18|0x000000059ba00000, 0x000000059bb00000, 0x000000059bb00000|100%| O|  |TAMS 0x000000059ba00000| PB 0x000000059ba00000| Untracked 
|  19|0x000000059bb00000, 0x000000059bc00000, 0x000000059bc00000|100%| O|  |TAMS 0x000000059bb00000| PB 0x000000059bb00000| Untracked 
|  20|0x000000059bc00000, 0x000000059bc00000, 0x000000059bd00000|  0%| F|  |TAMS 0x000000059bc00000| PB 0x000000059bc00000| Untracked 
|  21|0x000000059bd00000, 0x000000059be00000, 0x000000059be00000|100%| O|Cm|TAMS 0x000000059bd00000| PB 0x000000059bd00000| Complete 
|  22|0x000000059be00000, 0x000000059bf00000, 0x000000059bf00000|100%| O|  |TAMS 0x000000059be00000| PB 0x000000059be00000| Untracked 
|  23|0x000000059bf00000, 0x000000059c000000, 0x000000059c000000|100%| O|  |TAMS 0x000000059bf00000| PB 0x000000059bf00000| Untracked 
|  24|0x000000059c000000, 0x000000059c100000, 0x000000059c100000|100%| O|  |TAMS 0x000000059c000000| PB 0x000000059c000000| Untracked 
|  25|0x000000059c100000, 0x000000059c200000, 0x000000059c200000|100%| O|  |TAMS 0x000000059c100000| PB 0x000000059c100000| Untracked 
|  26|0x000000059c200000, 0x000000059c300000, 0x000000059c300000|100%| O|  |TAMS 0x000000059c200000| PB 0x000000059c200000| Untracked 
|  27|0x000000059c300000, 0x000000059c400000, 0x000000059c400000|100%| O|Cm|TAMS 0x000000059c300000| PB 0x000000059c300000| Complete 
|  28|0x000000059c400000, 0x000000059c500000, 0x000000059c500000|100%| O|  |TAMS 0x000000059c400000| PB 0x000000059c400000| Untracked 
|  29|0x000000059c500000, 0x000000059c500000, 0x000000059c600000|  0%| F|  |TAMS 0x000000059c500000| PB 0x000000059c500000| Untracked 
|  30|0x000000059c600000, 0x000000059c700000, 0x000000059c700000|100%| O|  |TAMS 0x000000059c600000| PB 0x000000059c600000| Untracked 
|  31|0x000000059c700000, 0x000000059c700000, 0x000000059c800000|  0%| F|  |TAMS 0x000000059c700000| PB 0x000000059c700000| Untracked 
|  32|0x000000059c800000, 0x000000059c900000, 0x000000059c900000|100%| O|  |TAMS 0x000000059c800000| PB 0x000000059c800000| Untracked 
|  33|0x000000059c900000, 0x000000059ca00000, 0x000000059ca00000|100%| O|  |TAMS 0x000000059c900000| PB 0x000000059c900000| Untracked 
|  34|0x000000059ca00000, 0x000000059cb00000, 0x000000059cb00000|100%| O|  |TAMS 0x000000059ca00000| PB 0x000000059ca00000| Untracked 
|  35|0x000000059cb00000, 0x000000059cc00000, 0x000000059cc00000|100%| O|  |TAMS 0x000000059cb00000| PB 0x000000059cb00000| Untracked 
|  36|0x000000059cc00000, 0x000000059cd00000, 0x000000059cd00000|100%| O|  |TAMS 0x000000059cc00000| PB 0x000000059cc00000| Untracked 
|  37|0x000000059cd00000, 0x000000059ce00000, 0x000000059ce00000|100%| O|  |TAMS 0x000000059cd00000| PB 0x000000059cd00000| Untracked 
|  38|0x000000059ce00000, 0x000000059cf00000, 0x000000059cf00000|100%| O|  |TAMS 0x000000059ce00000| PB 0x000000059ce00000| Untracked 
|  39|0x000000059cf00000, 0x000000059d000000, 0x000000059d000000|100%| O|  |TAMS 0x000000059cf00000| PB 0x000000059cf00000| Untracked 
|  40|0x000000059d000000, 0x000000059d100000, 0x000000059d100000|100%| O|  |TAMS 0x000000059d000000| PB 0x000000059d000000| Untracked 
|  41|0x000000059d100000, 0x000000059d200000, 0x000000059d200000|100%| O|Cm|TAMS 0x000000059d100000| PB 0x000000059d100000| Complete 
|  42|0x000000059d200000, 0x000000059d300000, 0x000000059d300000|100%| O|  |TAMS 0x000000059d200000| PB 0x000000059d200000| Untracked 
|  43|0x000000059d300000, 0x000000059d38cd00, 0x000000059d400000| 55%| S|CS|TAMS 0x000000059d300000| PB 0x000000059d300000| Complete 
|  44|0x000000059d400000, 0x000000059d500000, 0x000000059d500000|100%| O|  |TAMS 0x000000059d400000| PB 0x000000059d400000| Untracked 
|  45|0x000000059d500000, 0x000000059d600000, 0x000000059d600000|100%| O|Cm|TAMS 0x000000059d500000| PB 0x000000059d500000| Complete 
|  46|0x000000059d600000, 0x000000059d700000, 0x000000059d700000|100%| O|Cm|TAMS 0x000000059d600000| PB 0x000000059d600000| Complete 
|  47|0x000000059d700000, 0x000000059d800000, 0x000000059d800000|100%| O|  |TAMS 0x000000059d700000| PB 0x000000059d700000| Untracked 
|  48|0x000000059d800000, 0x000000059d900000, 0x000000059d900000|100%| O|  |TAMS 0x000000059d800000| PB 0x000000059d800000| Untracked 
|  49|0x000000059d900000, 0x000000059da00000, 0x000000059da00000|100%| O|  |TAMS 0x000000059d900000| PB 0x000000059d900000| Untracked 
|  50|0x000000059da00000, 0x000000059db00000, 0x000000059db00000|100%| O|  |TAMS 0x000000059da00000| PB 0x000000059da00000| Untracked 
|  51|0x000000059db00000, 0x000000059dc00000, 0x000000059dc00000|100%| O|  |TAMS 0x000000059db00000| PB 0x000000059db00000| Untracked 
|  52|0x000000059dc00000, 0x000000059dd00000, 0x000000059dd00000|100%| O|Cm|TAMS 0x000000059dc00000| PB 0x000000059dc00000| Complete 
|  53|0x000000059dd00000, 0x000000059de00000, 0x000000059de00000|100%| O|  |TAMS 0x000000059dd00000| PB 0x000000059dd00000| Untracked 
|  54|0x000000059de00000, 0x000000059de00000, 0x000000059df00000|  0%| F|  |TAMS 0x000000059de00000| PB 0x000000059de00000| Untracked 
|  55|0x000000059df00000, 0x000000059df00000, 0x000000059e000000|  0%| F|  |TAMS 0x000000059df00000| PB 0x000000059df00000| Untracked 
|  56|0x000000059e000000, 0x000000059e07bd10, 0x000000059e100000| 48%| O|Cm|TAMS 0x000000059e000000| PB 0x000000059e000000| Complete 
|  57|0x000000059e100000, 0x000000059e100000, 0x000000059e200000|  0%| F|  |TAMS 0x000000059e100000| PB 0x000000059e100000| Untracked 
|  58|0x000000059e200000, 0x000000059e2ed660, 0x000000059e300000| 92%| E|  |TAMS 0x000000059e200000| PB 0x000000059e200000| Complete 
|  59|0x000000059e300000, 0x000000059e400000, 0x000000059e400000|100%| E|CS|TAMS 0x000000059e300000| PB 0x000000059e300000| Complete 
|  60|0x000000059e400000, 0x000000059e500000, 0x000000059e500000|100%| E|  |TAMS 0x000000059e400000| PB 0x000000059e400000| Complete 
|  61|0x000000059e500000, 0x000000059e600000, 0x000000059e600000|100%| E|CS|TAMS 0x000000059e500000| PB 0x000000059e500000| Complete 
|  62|0x000000059e600000, 0x000000059e700000, 0x000000059e700000|100%| E|CS|TAMS 0x000000059e600000| PB 0x000000059e600000| Complete 
|  63|0x000000059e700000, 0x000000059e800000, 0x000000059e800000|100%| E|CS|TAMS 0x000000059e700000| PB 0x000000059e700000| Complete 
| 250|0x00000005aa200000, 0x00000005aa300000, 0x00000005aa300000|100%| O|  |TAMS 0x00000005aa200000| PB 0x00000005aa200000| Untracked 
| 253|0x00000005aa500000, 0x00000005aa600000, 0x00000005aa600000|100%| O|  |TAMS 0x00000005aa500000| PB 0x00000005aa500000| Untracked 
| 254|0x00000005aa600000, 0x00000005aa700000, 0x00000005aa700000|100%| O|  |TAMS 0x00000005aa600000| PB 0x00000005aa600000| Untracked 
| 255|0x00000005aa700000, 0x00000005aa800000, 0x00000005aa800000|100%| E|CS|TAMS 0x00000005aa700000| PB 0x00000005aa700000| Complete 

Card table byte_map: [0x00000001094bc000,0x000000010953c000] _byte_map_base: 0x00000001067e8000

Marking Bits: (CMBitMap*) 0x0000000105063ee0
 Bits: [0x000000010e800000, 0x000000010ec00000)

Polling page: 0x0000000104830000

Metaspace:

Usage:
  Non-class:     64.74 MB used.
      Class:      7.38 MB used.
       Both:     72.12 MB used.

Virtual space:
  Non-class space:      128.00 MB reserved,      65.50 MB ( 51%) committed,  2 nodes.
      Class space:        1.00 GB reserved,       7.94 MB ( <1%) committed,  1 nodes.
             Both:        1.12 GB reserved,      73.44 MB (  6%) committed. 

Chunk freelists:
   Non-Class:  14.53 MB
       Class:  8.11 MB
        Both:  22.64 MB

MaxMetaspaceSize: unlimited
CompressedClassSpaceSize: 1.00 GB
Initial GC threshold: 21.00 MB
Current GC threshold: 122.00 MB
CDS: on
 - commit_granule_bytes: 65536.
 - commit_granule_words: 8192.
 - virtual_space_node_default_size: 8388608.
 - enlarge_chunks_in_place: 1.
 - use_allocation_guard: 0.


Internal statistics:

num_allocs_failed_limit: 9.
num_arena_births: 1934.
num_arena_deaths: 0.
num_vsnodes_births: 3.
num_vsnodes_deaths: 0.
num_space_committed: 1172.
num_space_uncommitted: 0.
num_chunks_returned_to_freelist: 9.
num_chunks_taken_from_freelist: 4352.
num_chunk_merges: 9.
num_chunk_splits: 3011.
num_chunks_enlarged: 2167.
num_inconsistent_stats: 0.

CodeHeap 'non-profiled nmethods': size=120032Kb used=7435Kb max_used=7907Kb free=112596Kb
 bounds [0x0000000120bf0000, 0x00000001213c0000, 0x0000000128128000]
CodeHeap 'profiled nmethods': size=120016Kb used=22710Kb max_used=25091Kb free=97305Kb
 bounds [0x0000000119128000, 0x000000011aa38000, 0x000000012065c000]
CodeHeap 'non-nmethods': size=5712Kb used=3604Kb max_used=3682Kb free=2107Kb
 bounds [0x000000012065c000, 0x0000000120a0c000, 0x0000000120bf0000]
 total_blobs=14275 nmethods=11505 adapters=2677
 compilation: enabled
              stopped_count=0, restarted_count=0
 full_count=0

Compilation events (20 events):
Event: 26.297 Thread 0x0000000902c64800 nmethod 15015 0x0000000121194710 code [0x0000000121194880, 0x0000000121194928]
Event: 26.330 Thread 0x0000000902c65000 15016       4       java.nio.channels.spi.AbstractSelectableChannel::findKey (81 bytes)
Event: 26.331 Thread 0x0000000902c65000 nmethod 15016 0x0000000120f69c10 code [0x0000000120f69d80, 0x0000000120f69ee0]
Event: 26.394 Thread 0x0000000902c65000 15017       4       java.nio.HeapByteBufferR::<init> (21 bytes)
Event: 26.395 Thread 0x0000000902c65000 nmethod 15017 0x0000000121309090 code [0x0000000121309240, 0x0000000121309628]
Event: 26.428 Thread 0x0000000902c65000 15018       4       jdk.internal.net.http.Http1AsyncReceiver::hasDemand (68 bytes)
Event: 26.429 Thread 0x0000000902c65000 nmethod 15018 0x0000000120ff6c90 code [0x0000000120ff6e40, 0x0000000120ff7008]
Event: 26.432 Thread 0x0000000902c65000 15019       4       androidx.compose.runtime.composer.gapbuffer.SlotWriter::close (102 bytes)
Event: 26.443 Thread 0x0000000902c65000 nmethod 15019 0x00000001212c6310 code [0x00000001212c6580, 0x00000001212c7668]
Event: 26.496 Thread 0x0000000902c65000 15020       4       java.util.HashMap$KeySpliterator::forEachRemaining (186 bytes)
Event: 26.498 Thread 0x0000000902c65000 nmethod 15020 0x0000000121236210 code [0x0000000121236400, 0x0000000121236888]
Event: 26.502 Thread 0x0000000902c64800 15021       3       java.util.HashMap::resize (356 bytes)
Event: 26.502 Thread 0x0000000902c64800 nmethod 15021 0x0000000119995b10 code [0x0000000119995e40, 0x0000000119997170]
Event: 26.524 Thread 0x0000000902c64800 15022       3       androidx.compose.ui.draw.DrawBehindElement::update (9 bytes)
Event: 26.524 Thread 0x0000000902c64800 nmethod 15022 0x00000001199ff710 code [0x00000001199ff8c0, 0x00000001199ffbb0]
Event: 26.524 Thread 0x0000000902c64800 15023       3       androidx.compose.ui.draw.DrawBehindElement::update (9 bytes)
Event: 26.524 Thread 0x0000000902c64800 nmethod 15023 0x0000000119180b90 code [0x0000000119180d40, 0x0000000119180ed0]
Event: 26.585 Thread 0x0000000902c65000 15024   !   4       sun.lwawt.macosx.CFRetainedResource::execute (53 bytes)
Event: 26.588 Thread 0x0000000902c65000 nmethod 15024 0x0000000121078710 code [0x0000000121078940, 0x0000000121079090]
Event: 26.625 Thread 0x0000000902c64800 15025 % !   3       androidx.compose.runtime.Recomposer$runRecomposeAndApplyChanges$2::invokeSuspend$lambda$2 @ 150 (2048 bytes)

GC Heap History (20 events):
Event: 20.060 GC heap before
{Heap before GC invocations=49 (full 0):
 garbage-first heap   total 78848K, used 68817K [0x000000059a800000, 0x00000005aa800000)
  region size 1024K, 20 young (20480K), 3 survivors (3072K)
 Metaspace       used 68516K, committed 69568K, reserved 1114112K
  class space    used 6881K, committed 7296K, reserved 1048576K
}
Event: 20.062 GC heap after
{Heap after GC invocations=50 (full 0):
 garbage-first heap   total 78848K, used 53286K [0x000000059a800000, 0x00000005aa800000)
  region size 1024K, 2 young (2048K), 2 survivors (2048K)
 Metaspace       used 68516K, committed 69568K, reserved 1114112K
  class space    used 6881K, committed 7296K, reserved 1048576K
}
Event: 20.123 GC heap before
{Heap before GC invocations=51 (full 0):
 garbage-first heap   total 74752K, used 70694K [0x000000059a800000, 0x00000005aa800000)
  region size 1024K, 19 young (19456K), 2 survivors (2048K)
 Metaspace       used 68899K, committed 70016K, reserved 1114112K
  class space    used 6892K, committed 7360K, reserved 1048576K
}
Event: 20.125 GC heap after
{Heap after GC invocations=52 (full 0):
 garbage-first heap   total 74752K, used 54538K [0x000000059a800000, 0x00000005aa800000)
  region size 1024K, 3 young (3072K), 3 survivors (3072K)
 Metaspace       used 68899K, committed 70016K, reserved 1114112K
  class space    used 6892K, committed 7360K, reserved 1048576K
}
Event: 20.351 GC heap before
{Heap before GC invocations=52 (full 0):
 garbage-first heap   total 74752K, used 65802K [0x000000059a800000, 0x00000005aa800000)
  region size 1024K, 14 young (14336K), 3 survivors (3072K)
 Metaspace       used 69809K, committed 70976K, reserved 1114112K
  class space    used 7021K, committed 7488K, reserved 1048576K
}
Event: 20.356 GC heap after
{Heap after GC invocations=53 (full 0):
 garbage-first heap   total 75776K, used 52175K [0x000000059a800000, 0x00000005aa800000)
  region size 1024K, 2 young (2048K), 2 survivors (2048K)
 Metaspace       used 69809K, committed 70976K, reserved 1114112K
  class space    used 7021K, committed 7488K, reserved 1048576K
}
Event: 21.502 GC heap before
{Heap before GC invocations=53 (full 0):
 garbage-first heap   total 75776K, used 66511K [0x000000059a800000, 0x00000005aa800000)
  region size 1024K, 17 young (17408K), 2 survivors (2048K)
 Metaspace       used 70375K, committed 71616K, reserved 1114112K
  class space    used 7075K, committed 7552K, reserved 1048576K
}
Event: 21.505 GC heap after
{Heap after GC invocations=54 (full 0):
 garbage-first heap   total 75776K, used 53117K [0x000000059a800000, 0x00000005aa800000)
  region size 1024K, 3 young (3072K), 3 survivors (3072K)
 Metaspace       used 70375K, committed 71616K, reserved 1114112K
  class space    used 7075K, committed 7552K, reserved 1048576K
}
Event: 22.130 GC heap before
{Heap before GC invocations=54 (full 0):
 garbage-first heap   total 75776K, used 65405K [0x000000059a800000, 0x00000005aa800000)
  region size 1024K, 16 young (16384K), 3 survivors (3072K)
 Metaspace       used 71532K, committed 72896K, reserved 1114112K
  class space    used 7232K, committed 7808K, reserved 1048576K
}
Event: 22.132 GC heap after
{Heap after GC invocations=55 (full 0):
 garbage-first heap   total 75776K, used 54023K [0x000000059a800000, 0x00000005aa800000)
  region size 1024K, 2 young (2048K), 2 survivors (2048K)
 Metaspace       used 71532K, committed 72896K, reserved 1114112K
  class space    used 7232K, committed 7808K, reserved 1048576K
}
Event: 22.137 GC heap before
{Heap before GC invocations=55 (full 0):
 garbage-first heap   total 75776K, used 67335K [0x000000059a800000, 0x00000005aa800000)
  region size 1024K, 15 young (15360K), 2 survivors (2048K)
 Metaspace       used 71547K, committed 72896K, reserved 1114112K
  class space    used 7236K, committed 7808K, reserved 1048576K
}
Event: 22.138 GC heap after
{Heap after GC invocations=56 (full 0):
 garbage-first heap   total 75776K, used 53902K [0x000000059a800000, 0x00000005aa800000)
  region size 1024K, 1 young (1024K), 1 survivors (1024K)
 Metaspace       used 71547K, committed 72896K, reserved 1114112K
  class space    used 7236K, committed 7808K, reserved 1048576K
}
Event: 22.144 GC heap before
{Heap before GC invocations=56 (full 0):
 garbage-first heap   total 75776K, used 69262K [0x000000059a800000, 0x00000005aa800000)
  region size 1024K, 16 young (16384K), 1 survivors (1024K)
 Metaspace       used 71547K, committed 72896K, reserved 1114112K
  class space    used 7236K, committed 7808K, reserved 1048576K
}
Event: 22.145 GC heap after
{Heap after GC invocations=57 (full 0):
 garbage-first heap   total 75776K, used 53841K [0x000000059a800000, 0x00000005aa800000)
  region size 1024K, 1 young (1024K), 1 survivors (1024K)
 Metaspace       used 71547K, committed 72896K, reserved 1114112K
  class space    used 7236K, committed 7808K, reserved 1048576K
}
Event: 22.249 GC heap before
{Heap before GC invocations=58 (full 0):
 garbage-first heap   total 73728K, used 69201K [0x000000059a800000, 0x00000005aa800000)
  region size 1024K, 16 young (16384K), 1 survivors (1024K)
 Metaspace       used 71815K, committed 73152K, reserved 1179648K
  class space    used 7268K, committed 7808K, reserved 1048576K
}
Event: 22.251 GC heap after
{Heap after GC invocations=59 (full 0):
 garbage-first heap   total 73728K, used 55245K [0x000000059a800000, 0x00000005aa800000)
  region size 1024K, 2 young (2048K), 2 survivors (2048K)
 Metaspace       used 71815K, committed 73152K, reserved 1179648K
  class space    used 7268K, committed 7808K, reserved 1048576K
}
Event: 23.759 GC heap before
{Heap before GC invocations=59 (full 0):
 garbage-first heap   total 73728K, used 64461K [0x000000059a800000, 0x00000005aa800000)
  region size 1024K, 12 young (12288K), 2 survivors (2048K)
 Metaspace       used 72413K, committed 73728K, reserved 1179648K
  class space    used 7310K, committed 7872K, reserved 1048576K
}
Event: 23.763 GC heap after
{Heap after GC invocations=60 (full 0):
 garbage-first heap   total 73728K, used 53040K [0x000000059a800000, 0x00000005aa800000)
  region size 1024K, 1 young (1024K), 1 survivors (1024K)
 Metaspace       used 72413K, committed 73728K, reserved 1179648K
  class space    used 7310K, committed 7872K, reserved 1048576K
}
Event: 25.541 GC heap before
{Heap before GC invocations=60 (full 0):
 garbage-first heap   total 73728K, used 65328K [0x000000059a800000, 0x00000005aa800000)
  region size 1024K, 14 young (14336K), 1 survivors (1024K)
 Metaspace       used 73636K, committed 74944K, reserved 1179648K
  class space    used 7548K, committed 8064K, reserved 1048576K
}
Event: 25.542 GC heap after
{Heap after GC invocations=61 (full 0):
 garbage-first heap   total 73728K, used 53282K [0x000000059a800000, 0x00000005aa800000)
  region size 1024K, 1 young (1024K), 1 survivors (1024K)
 Metaspace       used 73636K, committed 74944K, reserved 1179648K
  class space    used 7548K, committed 8064K, reserved 1048576K
}

Dll operation events (20 events):
Event: 0.134 Loaded shared library /Users/joeroskopf/.sdkman/candidates/java/21.0.2-amzn/lib/libawt_lwawt.dylib
Event: 0.169 Loaded shared library /Users/joeroskopf/.sdkman/candidates/java/21.0.2-amzn/lib/libnet.dylib
Event: 0.211 Loaded shared library /Users/joeroskopf/.sdkman/candidates/java/21.0.2-amzn/lib/libfontmanager.dylib
Event: 0.418 Loaded shared library /Users/joeroskopf/.skiko/skiko-macos-arm64-f7676395835316696f9b2a762705c307cbdd703545a02fc1b1154a13df96fb64/libskiko-macos-arm64.dylib
Event: 0.428 Loaded shared library /Users/joeroskopf/.sdkman/candidates/java/21.0.2-amzn/lib/libosxui.dylib
Event: 1.375 Loaded shared library /private/var/folders/tn/2nfw05pj3193kx9csf2mt9hm0000gn/T/sqlite-3.51.0.0-3e606820-545a-492f-a866-d72553828672-libsqlitejdbc.dylib
Event: 1.976 Loading shared library /Users/joeroskopf/.gradle/caches/modules-2/files-2.1/org.openjfx/javafx-graphics/21.0.11/afd43fe3e122c7994fbcfd6fd4388eae7c84fd41/libprism_es2.dylib failed, dlopen(/Users/joeroskopf/.gradle/caches/modules-2/files-2.1/org.openjfx/jav
Event: 1.984 Loaded shared library /Users/joeroskopf/.openjfx/cache/21.0.11+4/aarch64/libprism_es2.dylib
Event: 2.007 Loading shared library /Users/joeroskopf/.gradle/caches/modules-2/files-2.1/org.openjfx/javafx-graphics/21.0.11/afd43fe3e122c7994fbcfd6fd4388eae7c84fd41/libglass.dylib failed, dlopen(/Users/joeroskopf/.gradle/caches/modules-2/files-2.1/org.openjfx/javafx-
Event: 2.016 Loaded shared library /Users/joeroskopf/.openjfx/cache/21.0.11+4/aarch64/libglass.dylib
Event: 2.369 Loaded shared library /Users/joeroskopf/Code/Phoebe/composeApp/build/native/macos/libPhoebeMediaKeys.dylib
Event: 2.443 Loaded shared library /Users/joeroskopf/.sdkman/candidates/java/21.0.2-amzn/lib/libextnet.dylib
Event: 24.591 Loading shared library /Users/joeroskopf/.gradle/caches/modules-2/files-2.1/org.openjfx/javafx-graphics/21.0.11/afd43fe3e122c7994fbcfd6fd4388eae7c84fd41/libglib-lite.dylib failed, dlopen(/Users/joeroskopf/.gradle/caches/modules-2/files-2.1/org.openjfx/jav
Event: 24.608 Loaded shared library /Users/joeroskopf/.openjfx/cache/21.0.11+4/aarch64/libglib-lite.dylib
Event: 24.609 Loading shared library /Users/joeroskopf/.gradle/caches/modules-2/files-2.1/org.openjfx/javafx-graphics/21.0.11/afd43fe3e122c7994fbcfd6fd4388eae7c84fd41/libgstreamer-lite.dylib failed, dlopen(/Users/joeroskopf/.gradle/caches/modules-2/files-2.1/org.openjf
Event: 24.624 Loaded shared library /Users/joeroskopf/.openjfx/cache/21.0.11+4/aarch64/libgstreamer-lite.dylib
Event: 24.625 Loading shared library /Users/joeroskopf/.gradle/caches/modules-2/files-2.1/org.openjfx/javafx-graphics/21.0.11/afd43fe3e122c7994fbcfd6fd4388eae7c84fd41/libjfxmedia.dylib failed, dlopen(/Users/joeroskopf/.gradle/caches/modules-2/files-2.1/org.openjfx/java
Event: 24.641 Loaded shared library /Users/joeroskopf/.openjfx/cache/21.0.11+4/aarch64/libjfxmedia.dylib
Event: 24.644 Loading shared library /Users/joeroskopf/.gradle/caches/modules-2/files-2.1/org.openjfx/javafx-graphics/21.0.11/afd43fe3e122c7994fbcfd6fd4388eae7c84fd41/libjfxmedia_avf.dylib failed, dlopen(/Users/joeroskopf/.gradle/caches/modules-2/files-2.1/org.openjfx/
Event: 24.646 Loaded shared library /Users/joeroskopf/.openjfx/cache/21.0.11+4/aarch64/libjfxmedia_avf.dylib

Deoptimization events (20 events):
Event: 24.936 Thread 0x00000009020c0000 Uncommon trap: trap_request=0xffffffde fr.pc=0x000000012107de94 relative=0x0000000000000954
Event: 24.936 Thread 0x00000009020c0000 Uncommon trap: reason=class_check action=maybe_recompile pc=0x000000012107de94 method=kotlinx.coroutines.DispatchedTask.run()V @ 193 c2
Event: 24.936 Thread 0x00000009020c0000 DEOPT PACKING pc=0x000000012107de94 sp=0x000000016fece4b0
Event: 24.936 Thread 0x00000009020c0000 DEOPT UNPACKING pc=0x000000012069f01c sp=0x000000016fece3e0 mode 2
Event: 24.976 Thread 0x00000009020c0000 Uncommon trap: trap_request=0xffffffde fr.pc=0x000000012107de94 relative=0x0000000000000954
Event: 24.976 Thread 0x00000009020c0000 Uncommon trap: reason=class_check action=maybe_recompile pc=0x000000012107de94 method=kotlinx.coroutines.DispatchedTask.run()V @ 193 c2
Event: 24.976 Thread 0x00000009020c0000 DEOPT PACKING pc=0x000000012107de94 sp=0x000000016fece4b0
Event: 24.976 Thread 0x00000009020c0000 DEOPT UNPACKING pc=0x000000012069f01c sp=0x000000016fece3e0 mode 2
Event: 25.275 Thread 0x00000009020c0000 Uncommon trap: trap_request=0xffffff45 fr.pc=0x0000000121289138 relative=0x0000000000000478
Event: 25.275 Thread 0x00000009020c0000 Uncommon trap: reason=unstable_if action=reinterpret pc=0x0000000121289138 method=kotlinx.coroutines.channels.BufferedChannel.updateCellSend(Lkotlinx/coroutines/channels/ChannelSegment;ILjava/lang/Object;JLjava/lang/Object;Z)I @ 86 c2
Event: 25.275 Thread 0x00000009020c0000 DEOPT PACKING pc=0x0000000121289138 sp=0x000000016fece2b0
Event: 25.275 Thread 0x00000009020c0000 DEOPT UNPACKING pc=0x000000012069f01c sp=0x000000016fece190 mode 2
Event: 25.542 Thread 0x0000000902c7e300 Uncommon trap: trap_request=0xffffffde fr.pc=0x0000000120dc2014 relative=0x0000000000000494
Event: 25.542 Thread 0x0000000902c7e300 Uncommon trap: reason=class_check action=maybe_recompile pc=0x0000000120dc2014 method=jdk.internal.ref.PhantomCleanable.clean()V @ 12 c2
Event: 25.542 Thread 0x0000000902c7e300 DEOPT PACKING pc=0x0000000120dc2014 sp=0x000000016dc6a850
Event: 25.542 Thread 0x0000000902c7e300 DEOPT UNPACKING pc=0x000000012069f01c sp=0x000000016dc6a820 mode 2
Event: 26.501 Thread 0x00000009020c0000 Uncommon trap: trap_request=0xffffff54 fr.pc=0x0000000120f96158 relative=0x0000000000000098
Event: 26.501 Thread 0x00000009020c0000 Uncommon trap: reason=speculate_null_assert action=make_not_entrant pc=0x0000000120f96158 method=org.jetbrains.skia.impl.NativeKt.getPtr(Lorg/jetbrains/skia/impl/Native;)J @ 2 c2
Event: 26.501 Thread 0x00000009020c0000 DEOPT PACKING pc=0x0000000120f96158 sp=0x000000016fecd140
Event: 26.501 Thread 0x00000009020c0000 DEOPT UNPACKING pc=0x000000012069f01c sp=0x000000016fecd050 mode 2

Classes loaded (20 events):
Event: 24.660 Loading class java/util/stream/AbstractSpinedBuffer
Event: 24.660 Loading class java/util/stream/AbstractSpinedBuffer done
Event: 24.660 Loading class java/util/stream/SpinedBuffer done
Event: 24.660 Loading class java/util/stream/Nodes$SpinedNodeBuilder done
Event: 24.661 Loading class java/util/ResourceBundle$Control$2
Event: 24.661 Loading class java/util/ResourceBundle$Control$2 done
Event: 24.674 Loading class java/util/AbstractList$RandomAccessSubList
Event: 24.674 Loading class java/util/AbstractList$SubList
Event: 24.674 Loading class java/util/AbstractList$SubList done
Event: 24.674 Loading class java/util/AbstractList$RandomAccessSubList done
Event: 24.674 Loading class java/util/AbstractList$SubList$1
Event: 24.674 Loading class java/util/AbstractList$SubList$1 done
Event: 24.792 Loading class java/util/Timer
Event: 24.792 Loading class java/util/Timer done
Event: 24.792 Loading class java/util/TaskQueue
Event: 24.792 Loading class java/util/TaskQueue done
Event: 24.792 Loading class java/util/TimerThread
Event: 24.792 Loading class java/util/TimerThread done
Event: 24.792 Loading class java/util/Timer$ThreadReaper
Event: 24.792 Loading class java/util/Timer$ThreadReaper done

Classes unloaded (0 events):
No events

Classes redefined (0 events):
No events

Internal exceptions (20 events):
Event: 22.091 Thread 0x0000000900c69c00 Exception <a 'java/lang/NoSuchMethodError'{0x00000005a9e2e1d8}: 'java.lang.Object java.lang.invoke.Invokers$Holder.linkToTargetMethod(java.lang.Object, java.lang.Object, java.lang.Object, long, java.lang.Object)'> (0x00000005a9e2e1d8) 
thrown [src/hotspot/share/interpreter/linkResolver.cpp, line 773]
Event: 22.099 Thread 0x00000009020c0000 Exception <a 'java/lang/NoSuchMethodError'{0x00000005a9efefe0}: 'java.lang.Object java.lang.invoke.DirectMethodHandle$Holder.invokeStatic(java.lang.Object, java.lang.Object, long, java.lang.Object)'> (0x00000005a9efefe0) 
thrown [src/hotspot/share/interpreter/linkResolver.cpp, line 773]
Event: 22.104 Thread 0x00000009020c0000 Exception <a 'java/lang/NoSuchMethodError'{0x00000005a9b804e0}: 'java.lang.Object java.lang.invoke.DirectMethodHandle$Holder.invokeSpecial(java.lang.Object, java.lang.Object, java.lang.Object, java.lang.Object, java.lang.Object, java.lang.Object, long)'> (0x00000005a9b804e0) 
thrown [src/hotspot/share/interpreter/linkResolver.cpp, line 773]
Event: 22.104 Thread 0x00000009020c0000 Exception <a 'java/lang/NoSuchMethodError'{0x00000005a9b842c8}: 'java.lang.Object java.lang.invoke.Invokers$Holder.linkToTargetMethod(java.lang.Object, java.lang.Object, java.lang.Object, java.lang.Object, long, java.lang.Object)'> (0x00000005a9b842c8) 
thrown [src/hotspot/share/interpreter/linkResolver.cpp, line 773]
Event: 22.107 Thread 0x0000000901879500 Exception <a 'java/lang/NoSuchMethodError'{0x00000005a9bfacc8}: 'void java.lang.invoke.DirectMethodHandle$Holder.invokeSpecial(java.lang.Object, java.lang.Object, java.lang.Object, java.lang.Object, java.lang.Object)'> (0x00000005a9bfacc8) 
thrown [src/hotspot/share/interpreter/linkResolver.cpp, line 773]
Event: 22.108 Thread 0x00000009020c0000 Exception <a 'java/lang/NoSuchMethodError'{0x00000005a9bd9540}: 'java.lang.Object java.lang.invoke.DirectMethodHandle$Holder.newInvokeSpecial(java.lang.Object, java.lang.Object, java.lang.Object, int, java.lang.Object, float, float)'> (0x00000005a9bd9540) 
thrown [src/hotspot/share/interpreter/linkResolver.cpp, line 773]
Event: 22.127 Thread 0x0000000901f0ea00 Exception <a 'java/lang/NoSuchMethodError'{0x000000059f646900}: 'void java.lang.invoke.DirectMethodHandle$Holder.invokeStatic(java.lang.Object, java.lang.Object, int)'> (0x000000059f646900) 
thrown [src/hotspot/share/interpreter/linkResolver.cpp, line 773]
Event: 22.129 Thread 0x00000008ff4adc00 Exception <a 'java/lang/NoSuchMethodError'{0x000000059e63dee8}: 'int java.lang.invoke.DirectMethodHandle$Holder.invokeSpecialIFC(java.lang.Object, java.lang.Object, java.lang.Object, java.lang.Object, java.lang.Object)'> (0x000000059e63dee8) 
thrown [src/hotspot/share/interpreter/linkResolver.cpp, line 773]
Event: 22.215 Thread 0x00000008ff4adc00 Exception <a 'java/lang/NoSuchMethodError'{0x000000059e77d4e0}: 'void java.lang.invoke.DirectMethodHandle$Holder.invokeSpecial(java.lang.Object, java.lang.Object, java.lang.Object, java.lang.Object, java.lang.Object, java.lang.Object, java.lang.Object)'> (0x000000059e77d4e0) 
thrown [src/hotspot/share/interpreter/linkResolver.cpp, line 773]
Event: 24.582 Thread 0x0000000901879500 Exception <a 'java/lang/NoSuchMethodError'{0x00000005a9ed2d68}: 'java.lang.Object java.lang.invoke.DirectMethodHandle$Holder.newInvokeSpecial(java.lang.Object, java.lang.Object, java.lang.Object, java.lang.Object, java.lang.Object, int)'> (0x00000005a9ed2d68) 
thrown [src/hotspot/share/interpreter/linkResolver.cpp, line 773]
Event: 24.582 Thread 0x0000000901879500 Exception <a 'java/lang/NoSuchMethodError'{0x00000005a9ed7768}: 'java.lang.Object java.lang.invoke.DirectMethodHandle$Holder.invokeSpecial(java.lang.Object, java.lang.Object, java.lang.Object, java.lang.Object, java.lang.Object, java.lang.Object, int)'> (0x00000005a9ed7768) 
thrown [src/hotspot/share/interpreter/linkResolver.cpp, line 773]
Event: 24.582 Thread 0x0000000901879500 Exception <a 'java/lang/NoSuchMethodError'{0x00000005a9edb730}: 'java.lang.Object java.lang.invoke.Invokers$Holder.linkToTargetMethod(java.lang.Object, java.lang.Object, java.lang.Object, java.lang.Object, int, java.lang.Object)'> (0x00000005a9edb730) 
thrown [src/hotspot/share/interpreter/linkResolver.cpp, line 773]
Event: 24.647 Thread 0x0000000902c7f800 Exception <a 'java/lang/NoSuchMethodError'{0x00000005a9be93b8}: 'long java.lang.invoke.DirectMethodHandle$Holder.invokeVirtual(java.lang.Object, java.lang.Object)'> (0x00000005a9be93b8) 
thrown [src/hotspot/share/interpreter/linkResolver.cpp, line 773]
Event: 24.647 Thread 0x0000000902c7f800 Exception <a 'java/lang/NoSuchMethodError'{0x00000005a9bedb20}: 'long java.lang.invoke.DelegatingMethodHandle$Holder.reinvoke_L(java.lang.Object, java.lang.Object)'> (0x00000005a9bedb20) 
thrown [src/hotspot/share/interpreter/linkResolver.cpp, line 773]
Event: 24.676 Thread 0x0000000902c7f800 Exception <a 'java/lang/NoSuchMethodError'{0x000000059e535338}: 'void java.lang.invoke.DirectMethodHandle$Holder.invokeStatic(java.lang.Object, java.lang.Object, java.lang.Object, int, java.lang.Object)'> (0x000000059e535338) 
thrown [src/hotspot/share/interpreter/linkResolver.cpp, line 773]
Event: 24.772 Thread 0x00000008ff4af100 Exception <a 'java/lang/NoSuchMethodError'{0x000000059e66b178}: 'void java.lang.invoke.DirectMethodHandle$Holder.invokeSpecial(java.lang.Object, java.lang.Object, double)'> (0x000000059e66b178) 
thrown [src/hotspot/share/interpreter/linkResolver.cpp, line 773]
Event: 24.772 Thread 0x00000008ff4af100 Exception <a 'java/lang/NoSuchMethodError'{0x000000059e562058}: 'java.lang.Object java.lang.invoke.DirectMethodHandle$Holder.newInvokeSpecial(java.lang.Object, java.lang.Object, double)'> (0x000000059e562058) 
thrown [src/hotspot/share/interpreter/linkResolver.cpp, line 773]
Event: 24.790 Thread 0x0000000902c7f800 Exception <a 'java/lang/NoSuchMethodError'{0x000000059e5803c8}: 'java.lang.Object java.lang.invoke.DirectMethodHandle$Holder.invokeStatic(java.lang.Object, java.lang.Object, java.lang.Object, int, java.lang.Object, java.lang.Object, java.lang.Object)'> (0x000000059e5803c8) 
thrown [src/hotspot/share/interpreter/linkResolver.cpp, line 773]
Event: 24.895 Thread 0x0000000900c6b800 Implicit null exception at 0x00000001199d1b6c to 0x00000001199d2750
Event: 24.895 Thread 0x0000000900c6b800 Exception <a 'java/lang/NullPointerException'{0x000000059e4e0988}> (0x000000059e4e0988) 
thrown [src/hotspot/share/runtime/sharedRuntime.cpp, line 625]

ZGC Phase Switch (0 events):
No events

VM Operations (20 events):
Event: 22.249 Executing VM operation: G1CollectForAllocation (G1 Evacuation Pause)
Event: 22.251 Executing VM operation: G1CollectForAllocation (G1 Evacuation Pause) done
Event: 23.224 Executing VM operation: ICBufferFull
Event: 23.224 Executing VM operation: ICBufferFull done
Event: 23.759 Executing VM operation: G1CollectForAllocation (G1 Evacuation Pause)
Event: 23.764 Executing VM operation: G1CollectForAllocation (G1 Evacuation Pause) done
Event: 24.580 Executing VM operation: HandshakeAllThreads (Deoptimize)
Event: 24.580 Executing VM operation: HandshakeAllThreads (Deoptimize) done
Event: 24.789 Executing VM operation: ICBufferFull
Event: 24.789 Executing VM operation: ICBufferFull done
Event: 24.897 Executing VM operation: ICBufferFull
Event: 24.897 Executing VM operation: ICBufferFull done
Event: 25.541 Executing VM operation: G1CollectForAllocation (G1 Evacuation Pause)
Event: 25.542 Executing VM operation: G1CollectForAllocation (G1 Evacuation Pause) done
Event: 25.561 Executing VM operation: G1PauseRemark
Event: 25.566 Executing VM operation: G1PauseRemark done
Event: 25.581 Executing VM operation: G1PauseCleanup
Event: 25.581 Executing VM operation: G1PauseCleanup done
Event: 26.586 Executing VM operation: Cleanup
Event: 26.586 Executing VM operation: Cleanup done

Events (20 events):
Event: 26.478 Protecting memory [0x0000000175840000,0x000000017584c000] with protection modes 0
Event: 26.478 Thread 0x0000000900ecdc00 Thread added: 0x0000000900ecdc00
Event: 26.478 Protecting memory [0x0000000175840000,0x000000017584c000] with protection modes 3
Event: 26.478 Thread 0x0000000900ecdc00 Thread exited: 0x0000000900ecdc00
Event: 26.574 Protecting memory [0x0000000175840000,0x000000017584c000] with protection modes 0
Event: 26.574 Thread 0x0000000900ecdc00 Thread added: 0x0000000900ecdc00
Event: 26.574 Protecting memory [0x0000000175840000,0x000000017584c000] with protection modes 3
Event: 26.574 Thread 0x0000000900ecdc00 Thread exited: 0x0000000900ecdc00
Event: 26.574 Protecting memory [0x0000000175840000,0x000000017584c000] with protection modes 0
Event: 26.574 Thread 0x0000000900ecdc00 Thread added: 0x0000000900ecdc00
Event: 26.574 Protecting memory [0x0000000175840000,0x000000017584c000] with protection modes 3
Event: 26.574 Thread 0x0000000900ecdc00 Thread exited: 0x0000000900ecdc00
Event: 26.574 Protecting memory [0x0000000175840000,0x000000017584c000] with protection modes 0
Event: 26.574 Thread 0x0000000900ecdc00 Thread added: 0x0000000900ecdc00
Event: 26.574 Protecting memory [0x0000000175840000,0x000000017584c000] with protection modes 3
Event: 26.574 Thread 0x0000000900ecdc00 Thread exited: 0x0000000900ecdc00
Event: 26.574 Protecting memory [0x0000000175840000,0x000000017584c000] with protection modes 0
Event: 26.574 Thread 0x0000000900ecdc00 Thread added: 0x0000000900ecdc00
Event: 26.574 Protecting memory [0x0000000175840000,0x000000017584c000] with protection modes 3
Event: 26.574 Thread 0x0000000900ecdc00 Thread exited: 0x0000000900ecdc00


Dynamic libraries:
0x0000000104848000 	/Users/joeroskopf/.sdkman/candidates/java/21.0.2-amzn/lib/libjli.dylib
0x00000001a4f49000 	/System/Library/Frameworks/Cocoa.framework/Versions/A/Cocoa
0x0000000189caa000 	/System/Library/Frameworks/AppKit.framework/Versions/C/AppKit
0x000000018d2e4000 	/System/Library/Frameworks/CoreData.framework/Versions/A/CoreData
0x00000001870a7000 	/System/Library/Frameworks/Foundation.framework/Versions/C/Foundation
0x000000019561e000 	/usr/lib/libSystem.B.dylib
0x000000018b3cd000 	/System/Library/PrivateFrameworks/UIFoundation.framework/Versions/A/UIFoundation
0x000000023dabe000 	/System/Library/PrivateFrameworks/CollectionViewCore.framework/Versions/A/CollectionViewCore
0x00000001928e0000 	/System/Library/PrivateFrameworks/XCTTargetBootstrap.framework/Versions/A/XCTTargetBootstrap
0x000000024febe000 	/System/Library/PrivateFrameworks/GenerativeModels.framework/Versions/A/GenerativeModels
0x0000000197fae000 	/System/Library/PrivateFrameworks/InternationalSupport.framework/Versions/A/InternationalSupport
0x000000019830a000 	/System/Library/PrivateFrameworks/UserActivity.framework/Versions/A/UserActivity
0x000000018d979000 	/System/Library/PrivateFrameworks/BaseBoard.framework/Versions/A/BaseBoard
0x000000024717a000 	/System/Library/PrivateFrameworks/FrontBoard.framework/Versions/A/FrontBoard
0x000000019fc99000 	/System/Library/PrivateFrameworks/FrontBoardServices.framework/Versions/A/FrontBoardServices
0x0000000287f01000 	/usr/lib/libRosetta.dylib
0x000000027b2ac000 	/System/Library/PrivateFrameworks/UIIntelligenceSupport.framework/Versions/A/UIIntelligenceSupport
0x0000000231f7c000 	/System/Library/Frameworks/SwiftUICore.framework/Versions/A/SwiftUICore
0x0000000281dc5000 	/System/Library/PrivateFrameworks/WritingTools.framework/Versions/A/WritingTools
0x0000000280bce000 	/System/Library/PrivateFrameworks/WindowManagement.framework/Versions/A/WindowManagement
0x0000000186d16000 	/System/Library/Frameworks/SystemConfiguration.framework/Versions/A/SystemConfiguration
0x0000000197219000 	/usr/lib/libspindump.dylib
0x000000018b586000 	/System/Library/Frameworks/UniformTypeIdentifiers.framework/Versions/A/UniformTypeIdentifiers
0x000000019487b000 	/usr/lib/libbsm.0.dylib
0x0000000190076000 	/usr/lib/libapp_launch_measurement.dylib
0x000000018f37f000 	/System/Library/PrivateFrameworks/CoreAnalytics.framework/Versions/A/CoreAnalytics
0x000000019007a000 	/System/Library/PrivateFrameworks/CoreAutoLayout.framework/Versions/A/CoreAutoLayout
0x0000000191e59000 	/System/Library/Frameworks/Metal.framework/Versions/A/Metal
0x000000019321b000 	/usr/lib/liblangid.dylib
0x00000001928e6000 	/System/Library/PrivateFrameworks/CoreSVG.framework/Versions/A/CoreSVG
0x000000018bfde000 	/System/Library/PrivateFrameworks/SkyLight.framework/Versions/A/SkyLight
0x0000000246eaf000 	/System/Library/PrivateFrameworks/FocusEngine.framework/Versions/A/FocusEngine
0x000000018c593000 	/System/Library/Frameworks/CoreGraphics.framework/Versions/A/CoreGraphics
0x00000002448d1000 	/System/Library/PrivateFrameworks/DesignLibrary.framework/Versions/A/DesignLibrary
0x000000019df31000 	/System/Library/Frameworks/Accelerate.framework/Versions/A/Accelerate
0x000000019700e000 	/System/Library/PrivateFrameworks/IconServices.framework/Versions/A/IconServices
0x0000000191e31000 	/System/Library/Frameworks/IOSurface.framework/Versions/A/IOSurface
0x000000018f3af000 	/usr/lib/libDiagnosticMessagesClient.dylib
0x0000000195568000 	/usr/lib/libz.1.dylib
0x00000001a2372000 	/System/Library/Frameworks/ApplicationServices.framework/Versions/A/ApplicationServices
0x00000001928cb000 	/System/Library/PrivateFrameworks/DFRFoundation.framework/Versions/A/DFRFoundation
0x00000001894fa000 	/usr/lib/libicucore.A.dylib
0x0000000199532000 	/System/Library/Frameworks/AudioToolbox.framework/Versions/A/AudioToolbox
0x00000001982b8000 	/System/Library/PrivateFrameworks/DataDetectorsCore.framework/Versions/A/DataDetectorsCore
0x000000027c1a0000 	/System/Library/PrivateFrameworks/UpdateCycle.framework/Versions/A/UpdateCycle
0x00000001b67ce000 	/System/Library/PrivateFrameworks/TextInput.framework/Versions/A/TextInput
0x000000018bf22000 	/usr/lib/libMobileGestalt.dylib
0x00000001925cf000 	/System/Library/Frameworks/Carbon.framework/Versions/A/Frameworks/HIToolbox.framework/Versions/A/HIToolbox
0x000000018f8d9000 	/System/Library/Frameworks/QuartzCore.framework/Versions/A/QuartzCore
0x00000001890dc000 	/System/Library/Frameworks/Security.framework/Versions/A/Security
0x000000019d8a1000 	/System/Library/Frameworks/Carbon.framework/Versions/A/Frameworks/SpeechRecognition.framework/Versions/A/SpeechRecognition
0x000000018fd41000 	/System/Library/PrivateFrameworks/CoreUI.framework/Versions/A/CoreUI
0x0000000188946000 	/System/Library/Frameworks/CoreAudio.framework/Versions/A/CoreAudio
0x000000018f4aa000 	/System/Library/Frameworks/DiskArbitration.framework/Versions/A/DiskArbitration
0x00000001977b7000 	/System/Library/PrivateFrameworks/MultitouchSupport.framework/Versions/A/MultitouchSupport
0x000000018bf20000 	/usr/lib/libenergytrace.dylib
0x00000001a9b88000 	/System/Library/PrivateFrameworks/RenderBox.framework/Versions/A/RenderBox
0x0000000189b52000 	/System/Library/Frameworks/IOKit.framework/Versions/A/IOKit
0x000000019dcb2000 	/System/Library/Frameworks/CoreServices.framework/Versions/A/CoreServices
0x000000018fffd000 	/System/Library/PrivateFrameworks/PerformanceAnalysis.framework/Versions/A/PerformanceAnalysis
0x000000022a86c000 	/System/Library/Frameworks/OpenGL.framework/Versions/A/OpenGL
0x00000001900c3000 	/usr/lib/libxml2.2.dylib
0x000000019475c000 	/System/Library/PrivateFrameworks/MobileKeyBag.framework/Versions/A/MobileKeyBag
0x0000000185398000 	/usr/lib/libobjc.A.dylib
0x000000018570b000 	/usr/lib/libc++.1.dylib
0x000000019dc30000 	/System/Library/Frameworks/Accessibility.framework/Versions/A/Accessibility
0x000000018cce8000 	/System/Library/Frameworks/ColorSync.framework/Versions/A/ColorSync
0x000000018583b000 	/System/Library/Frameworks/CoreFoundation.framework/Versions/A/CoreFoundation
0x0000000192c63000 	/System/Library/Frameworks/CoreImage.framework/Versions/A/CoreImage
0x000000018871d000 	/System/Library/Frameworks/CoreText.framework/Versions/A/CoreText
0x000000022c266000 	/System/Library/Frameworks/CoreTransferable.framework/Versions/A/CoreTransferable
0x000000022c781000 	/System/Library/Frameworks/DataDetection.framework/Versions/A/DataDetection
0x000000022c798000 	/System/Library/Frameworks/DeveloperToolsSupport.framework/Versions/A/DeveloperToolsSupport
0x0000000192924000 	/System/Library/Frameworks/ImageIO.framework/Versions/A/ImageIO
0x0000000232ed9000 	/System/Library/Frameworks/Symbols.framework/Versions/A/Symbols
0x00000001bbb2e000 	/System/Library/PrivateFrameworks/AttributeGraph.framework/Versions/A/AttributeGraph
0x000000019fd73000 	/System/Library/PrivateFrameworks/BoardServices.framework/Versions/A/BoardServices
0x00000001e0bfe000 	/System/Library/PrivateFrameworks/FeatureFlags.framework/Versions/A/FeatureFlags
0x0000000250360000 	/System/Library/PrivateFrameworks/Gestures.framework/Versions/A/Gestures
0x0000000195622000 	/System/Library/PrivateFrameworks/SoftLinking.framework/Versions/A/SoftLinking
0x00000001ca7d6000 	/usr/lib/swift/libswiftAccelerate.dylib
0x00000001c096b000 	/usr/lib/swift/libswiftCompression.dylib
0x0000000198e87000 	/usr/lib/swift/libswiftCore.dylib
0x00000001b2a10000 	/usr/lib/swift/libswiftCoreFoundation.dylib
0x00000001b2a70000 	/usr/lib/swift/libswiftCoreImage.dylib
0x000000019fa12000 	/usr/lib/swift/libswiftDispatch.dylib
0x00000001b2a71000 	/usr/lib/swift/libswiftIOKit.dylib
0x00000001c095d000 	/usr/lib/swift/libswiftMetal.dylib
0x00000001d00ed000 	/usr/lib/swift/libswiftOSLog.dylib
0x00000001a29e5000 	/usr/lib/swift/libswiftObjectiveC.dylib
0x000000028973b000 	/usr/lib/swift/libswiftObservation.dylib
0x00000001c5d3e000 	/usr/lib/swift/libswiftQuartzCore.dylib
0x00000002897fd000 	/usr/lib/swift/libswiftSpatial.dylib
0x0000000289877000 	/usr/lib/swift/libswiftSynchronization.dylib
0x00000001ca7c6000 	/usr/lib/swift/libswiftUniformTypeIdentifiers.dylib
0x00000001b2a23000 	/usr/lib/swift/libswiftXPC.dylib
0x00000002898bd000 	/usr/lib/swift/libswift_Builtin_float.dylib
0x00000002898be000 	/usr/lib/swift/libswift_Concurrency.dylib
0x00000001a29e9000 	/usr/lib/swift/libswiftos.dylib
0x00000001b654b000 	/usr/lib/swift/libswiftsimd.dylib
0x0000000195846000 	/usr/lib/libcompression.dylib
0x0000000197f17000 	/System/Library/PrivateFrameworks/TextureIO.framework/Versions/A/TextureIO
0x000000018ce90000 	/System/Library/Frameworks/ApplicationServices.framework/Versions/A/Frameworks/HIServices.framework/Versions/A/HIServices
0x0000000196c98000 	/usr/lib/libate.dylib
0x0000000195618000 	/usr/lib/system/libcache.dylib
0x00000001955d3000 	/usr/lib/system/libcommonCrypto.dylib
0x00000001955fe000 	/usr/lib/system/libcompiler_rt.dylib
0x00000001955f3000 	/usr/lib/system/libcopyfile.dylib
0x0000000185540000 	/usr/lib/system/libcorecrypto.dylib
0x000000018563f000 	/usr/lib/system/libdispatch.dylib
0x00000001853eb000 	/usr/lib/system/libdyld.dylib
0x000000019560e000 	/usr/lib/system/libkeymgr.dylib
0x00000001955b6000 	/usr/lib/system/libmacho.dylib
0x0000000194853000 	/usr/lib/system/libquarantine.dylib
0x000000019560b000 	/usr/lib/system/libremovefile.dylib
0x000000018bfa2000 	/usr/lib/system/libsystem_asl.dylib
0x00000001854c6000 	/usr/lib/system/libsystem_blocks.dylib
0x000000018568a000 	/usr/lib/system/libsystem_c.dylib
0x0000000195602000 	/usr/lib/system/libsystem_collections.dylib
0x0000000193208000 	/usr/lib/system/libsystem_configuration.dylib
0x0000000191df8000 	/usr/lib/system/libsystem_containermanager.dylib
0x0000000194ff2000 	/usr/lib/system/libsystem_coreservices.dylib
0x00000001897d0000 	/usr/lib/system/libsystem_darwin.dylib
0x0000000289bde000 	/usr/lib/system/libsystem_darwindirectory.dylib
0x000000019560f000 	/usr/lib/system/libsystem_dnssd.dylib
0x0000000289be2000 	/usr/lib/system/libsystem_eligibility.dylib
0x0000000185687000 	/usr/lib/system/libsystem_featureflags.dylib
0x000000018580b000 	/usr/lib/system/libsystem_info.dylib
0x0000000195577000 	/usr/lib/system/libsystem_m.dylib
0x00000001855ee000 	/usr/lib/system/libsystem_malloc.dylib
0x000000018bf05000 	/usr/lib/system/libsystem_networkextension.dylib
0x0000000189c3b000 	/usr/lib/system/libsystem_notify.dylib
0x000000019320d000 	/usr/lib/system/libsystem_sandbox.dylib
0x0000000289bec000 	/usr/lib/system/libsystem_sanitizers.dylib
0x0000000195607000 	/usr/lib/system/libsystem_secinit.dylib
0x00000001857b7000 	/usr/lib/system/libsystem_kernel.dylib
0x0000000185802000 	/usr/lib/system/libsystem_platform.dylib
0x00000001857f5000 	/usr/lib/system/libsystem_pthread.dylib
0x000000018db5d000 	/usr/lib/system/libsystem_symptoms.dylib
0x000000018551f000 	/usr/lib/system/libsystem_trace.dylib
0x0000000289bf4000 	/usr/lib/system/libsystem_trial.dylib
0x00000001955e1000 	/usr/lib/system/libunwind.dylib
0x00000001854ca000 	/usr/lib/system/libxpc.dylib
0x000000018579c000 	/usr/lib/libc++abi.dylib
0x0000000289449000 	/usr/lib/libswiftPrespecialized.dylib
0x0000000195620000 	/usr/lib/libfakelink.dylib
0x000000018bb50000 	/System/Library/Frameworks/CFNetwork.framework/Versions/A/CFNetwork
0x0000000195673000 	/usr/lib/libarchive.2.dylib
0x000000019b96b000 	/System/Library/Frameworks/Combine.framework/Versions/A/Combine
0x000000023dae3000 	/System/Library/PrivateFrameworks/CollectionsInternal.framework/Versions/A/CollectionsInternal
0x00000002693f5000 	/System/Library/PrivateFrameworks/ReflectionInternal.framework/Versions/A/ReflectionInternal
0x000000026a33d000 	/System/Library/PrivateFrameworks/RuntimeInternal.framework/Versions/A/RuntimeInternal
0x00000001af8ba000 	/usr/lib/swift/libswiftDarwin.dylib
0x000000028988b000 	/usr/lib/swift/libswiftSystem.dylib
0x000000028994a000 	/usr/lib/swift/libswift_DarwinFoundation1.dylib
0x00000002899ee000 	/usr/lib/swift/libswift_StringProcessing.dylib
0x0000000189ad2000 	/System/Library/PrivateFrameworks/CoreServicesInternal.framework/Versions/A/CoreServicesInternal
0x00000001955eb000 	/usr/lib/liboah.dylib
0x00000001a1e1d000 	/System/Library/PrivateFrameworks/DiskImages.framework/Versions/A/DiskImages
0x00000001af360000 	/System/Library/Frameworks/NetFS.framework/Versions/A/NetFS
0x000000019003f000 	/System/Library/Frameworks/CoreServices.framework/Versions/A/Frameworks/FSEvents.framework/Versions/A/FSEvents
0x00000001897da000 	/System/Library/Frameworks/CoreServices.framework/Versions/A/Frameworks/CarbonCore.framework/Versions/A/CarbonCore
0x000000018f41e000 	/System/Library/Frameworks/CoreServices.framework/Versions/A/Frameworks/Metadata.framework/Versions/A/Metadata
0x0000000194ff9000 	/System/Library/Frameworks/CoreServices.framework/Versions/A/Frameworks/OSServices.framework/Versions/A/OSServices
0x000000019576b000 	/System/Library/Frameworks/CoreServices.framework/Versions/A/Frameworks/SearchKit.framework/Versions/A/SearchKit
0x000000018dad7000 	/System/Library/Frameworks/CoreServices.framework/Versions/A/Frameworks/AE.framework/Versions/A/AE
0x0000000185d99000 	/System/Library/Frameworks/CoreServices.framework/Versions/A/Frameworks/LaunchServices.framework/Versions/A/LaunchServices
0x0000000196aec000 	/System/Library/Frameworks/CoreServices.framework/Versions/A/Frameworks/DictionaryServices.framework/Versions/A/DictionaryServices
0x000000019004c000 	/System/Library/Frameworks/CoreServices.framework/Versions/A/Frameworks/SharedFileList.framework/Versions/A/SharedFileList
0x00000001957fe000 	/usr/lib/libapple_nghttp2.dylib
0x000000018d6ee000 	/usr/lib/libsqlite3.dylib
0x000000018d8d7000 	/System/Library/Frameworks/Accounts.framework/Versions/A/Accounts
0x00000001a205f000 	/System/Library/PrivateFrameworks/AppSupport.framework/Versions/A/AppSupport
0x00000001b17d9000 	/System/Library/Frameworks/AVFoundation.framework/Versions/A/AVFoundation
0x0000000199bb9000 	/System/Library/Frameworks/GSS.framework/Versions/A/GSS
0x000000018da6b000 	/System/Library/PrivateFrameworks/RunningBoardServices.framework/Versions/A/RunningBoardServices
0x00000001a296d000 	/System/Library/PrivateFrameworks/StreamingZip.framework/Versions/A/StreamingZip
0x000000018db66000 	/System/Library/Frameworks/Network.framework/Versions/A/Network
0x00000001955ba000 	/usr/lib/system/libkxld.dylib
0x000000023914a000 	/System/Library/PrivateFrameworks/AppleKeyStore.framework/Versions/A/AppleKeyStore
0x0000000287c03000 	/usr/lib/libCoreEntitlements.dylib
0x000000025dc73000 	/System/Library/PrivateFrameworks/MessageSecurity.framework/Versions/A/MessageSecurity
0x000000018d6d2000 	/System/Library/PrivateFrameworks/ProtocolBuffer.framework/Versions/A/ProtocolBuffer
0x000000019ee26000 	/System/Library/PrivateFrameworks/SymptomDiagnosticReporter.framework/Versions/A/SymptomDiagnosticReporter
0x0000000196d31000 	/System/Library/PrivateFrameworks/CrashReporterSupport.framework/Versions/A/CrashReporterSupport
0x0000000194fd9000 	/System/Library/PrivateFrameworks/AppleFSCompression.framework/Versions/A/AppleFSCompression
0x0000000194863000 	/usr/lib/libcoretls.dylib
0x0000000196b62000 	/usr/lib/libcoretls_cfhelpers.dylib
0x0000000195840000 	/usr/lib/libpam.2.dylib
0x0000000196bd8000 	/usr/lib/libxar.1.dylib
0x0000000196b64000 	/System/Library/PrivateFrameworks/APFS.framework/Versions/A/APFS
0x0000000275a50000 	/System/Library/PrivateFrameworks/SwiftASN1Internal.framework/Versions/A/SwiftASN1Internal
0x0000000196be7000 	/usr/lib/libutil.dylib
0x0000000193216000 	/System/Library/PrivateFrameworks/AppleSystemInfo.framework/Versions/A/AppleSystemInfo
0x000000019452b000 	/System/Library/PrivateFrameworks/IOMobileFramebuffer.framework/Versions/A/IOMobileFramebuffer
0x00000001a177d000 	/System/Library/PrivateFrameworks/CoreWiFi.framework/Versions/A/CoreWiFi
0x00000001b28d2000 	/System/Library/PrivateFrameworks/LoggingSupport.framework/Versions/A/LoggingSupport
0x0000000199c1c000 	/System/Library/PrivateFrameworks/MobileAsset.framework/Versions/A/MobileAsset
0x000000019ee36000 	/System/Library/PrivateFrameworks/PowerLog.framework/Versions/A/PowerLog
0x00000001a02f2000 	/System/Library/PrivateFrameworks/Rapport.framework/Versions/A/Rapport
0x0000000231e0f000 	/System/Library/Frameworks/SwiftData.framework/Versions/A/SwiftData
0x000000019026c000 	/System/Library/PrivateFrameworks/UserManagement.framework/Versions/A/UserManagement
0x000000018ba77000 	/usr/lib/libboringssl.dylib
0x000000018db4b000 	/usr/lib/libdns_services.dylib
0x00000001b190d000 	/usr/lib/libquic.dylib
0x0000000198e18000 	/usr/lib/libusrtcp.dylib
0x0000000239ffe000 	/System/Library/PrivateFrameworks/AtomicsInternal.framework/Versions/A/AtomicsInternal
0x00000001d8ac8000 	/System/Library/PrivateFrameworks/InternalSwiftProtobuf.framework/Versions/A/InternalSwiftProtobuf
0x0000000289712000 	/usr/lib/swift/libswiftDistributed.dylib
0x0000000193214000 	/System/Library/PrivateFrameworks/AggregateDictionary.framework/Versions/A/AggregateDictionary
0x000000023a7ba000 	/System/Library/PrivateFrameworks/BiomeLibrary.framework/Versions/A/BiomeLibrary
0x00000001c19bb000 	/System/Library/PrivateFrameworks/BiomeStreams.framework/Versions/A/BiomeStreams
0x00000001bda3d000 	/System/Library/PrivateFrameworks/BiomeFoundation.framework/Versions/A/BiomeFoundation
0x00000001c7c30000 	/System/Library/PrivateFrameworks/BiomePubSub.framework/Versions/A/BiomePubSub
0x00000001a3950000 	/System/Library/PrivateFrameworks/ProactiveSupport.framework/Versions/A/ProactiveSupport
0x0000000233e5a000 	/System/Library/Frameworks/_LocationEssentials.framework/Versions/A/_LocationEssentials
0x0000000196b43000 	/usr/lib/liblzma.5.dylib
0x00000001a2373000 	/System/Library/PrivateFrameworks/InternationalTextSearch.framework/Versions/A/InternationalTextSearch
0x00000001b9f22000 	/System/Library/PrivateFrameworks/SoftwareUpdateCoreSupport.framework/Versions/A/SoftwareUpdateCoreSupport
0x00000001c2459000 	/System/Library/PrivateFrameworks/SoftwareUpdateCoreConnect.framework/Versions/A/SoftwareUpdateCoreConnect
0x00000001a1f17000 	/System/Library/PrivateFrameworks/RemoteServiceDiscovery.framework/Versions/A/RemoteServiceDiscovery
0x00000001b9af8000 	/System/Library/PrivateFrameworks/MSUDataAccessor.framework/Versions/A/MSUDataAccessor
0x00000001b4a9d000 	/usr/lib/libbootpolicy.dylib
0x00000001a1f2e000 	/System/Library/PrivateFrameworks/RemoteXPC.framework/Versions/A/RemoteXPC
0x00000001c188f000 	/usr/lib/libFDR.dylib
0x00000001c7832000 	/usr/lib/libamsupport.dylib
0x0000000287ef9000 	/usr/lib/libReverseProxyDevice.dylib
0x00000002389bf000 	/System/Library/PrivateFrameworks/AppleDeviceQuerySupport.framework/Versions/A/AppleDeviceQuerySupport
0x00000001ca9ee000 	/usr/lib/libpartition2_dynamic.dylib
0x00000001957da000 	/System/Library/PrivateFrameworks/AppleSauce.framework/Versions/A/AppleSauce
0x0000000287aae000 	/usr/lib/libAppleArchive.dylib
0x0000000194fe5000 	/usr/lib/libbz2.1.0.dylib
0x000000018f4b4000 	/System/Library/Frameworks/Accelerate.framework/Versions/A/Frameworks/vImage.framework/Versions/A/vImage
0x000000019dc8d000 	/System/Library/Frameworks/Accelerate.framework/Versions/A/Frameworks/vecLib.framework/Versions/A/vecLib
0x0000000196c1e000 	/System/Library/Frameworks/Accelerate.framework/Versions/A/Frameworks/vecLib.framework/Versions/A/libvMisc.dylib
0x000000018629d000 	/System/Library/Frameworks/Accelerate.framework/Versions/A/Frameworks/vecLib.framework/Versions/A/libBLAS.dylib
0x00000001901aa000 	/System/Library/Frameworks/CoreVideo.framework/Versions/A/CoreVideo
0x00000001997d0000 	/System/Library/Frameworks/ApplicationServices.framework/Versions/A/Frameworks/ATS.framework/Versions/A/ATS
0x0000000197ea4000 	/System/Library/Frameworks/ApplicationServices.framework/Versions/A/Frameworks/PrintCore.framework/Versions/A/PrintCore
0x0000000199b82000 	/System/Library/Frameworks/ApplicationServices.framework/Versions/A/Frameworks/QD.framework/Versions/A/QD
0x0000000199b7d000 	/System/Library/Frameworks/ApplicationServices.framework/Versions/A/Frameworks/ColorSyncLegacy.framework/Versions/A/ColorSyncLegacy
0x00000001997a2000 	/System/Library/Frameworks/ApplicationServices.framework/Versions/A/Frameworks/SpeechSynthesis.framework/Versions/A/SpeechSynthesis
0x00000001922ff000 	/System/Library/PrivateFrameworks/FontServices.framework/libFontParser.dylib
0x00000001a1c3f000 	/System/Library/PrivateFrameworks/BackBoardServices.framework/Versions/A/BackBoardServices
0x000000023a6bf000 	/System/Library/PrivateFrameworks/BackBoardHIDEventFoundation.framework/Versions/A/BackBoardHIDEventFoundation
0x0000000188239000 	/System/Library/Frameworks/CoreDisplay.framework/Versions/A/CoreDisplay
0x00000001977fd000 	/System/Library/Frameworks/VideoToolbox.framework/Versions/A/VideoToolbox
0x000000019583e000 	/System/Library/Frameworks/MetalPerformanceShaders.framework/Versions/A/MetalPerformanceShaders
0x0000000268321000 	/System/Library/PrivateFrameworks/ProDisplayLibrary.framework/Versions/A/ProDisplayLibrary
0x00000001a5a5e000 	/System/Library/PrivateFrameworks/IOSurfaceAccelerator.framework/Versions/A/IOSurfaceAccelerator
0x0000000191e4e000 	/System/Library/PrivateFrameworks/IOAccelerator.framework/Versions/A/IOAccelerator
0x000000019215d000 	/System/Library/Frameworks/CoreMedia.framework/Versions/A/CoreMedia
0x000000018bfba000 	/System/Library/PrivateFrameworks/TCC.framework/Versions/A/TCC
0x00000001977b5000 	/System/Library/PrivateFrameworks/WatchdogClient.framework/Versions/A/WatchdogClient
0x00000001b29f0000 	/usr/lib/swift/libswiftCoreAudio.dylib
0x00000001ce93f000 	/usr/lib/swift/libswiftCoreMedia.dylib
0x00000002898a5000 	/usr/lib/swift/libswiftVideoToolbox.dylib
0x00000001c7c91000 	/System/Library/PrivateFrameworks/BiomeStorage.framework/Versions/A/BiomeStorage
0x00000002569c4000 	/System/Library/PrivateFrameworks/IntelligencePlatformLibrary.framework/Versions/A/IntelligencePlatformLibrary
0x00000002670e9000 	/System/Library/PrivateFrameworks/PoirotSchematizer.framework/Versions/A/PoirotSchematizer
0x000000023b068000 	/System/Library/PrivateFrameworks/BiomeSync.framework/Versions/A/BiomeSync
0x000000023a7a0000 	/System/Library/PrivateFrameworks/BiomeDSL.framework/Versions/A/BiomeDSL
0x0000000267157000 	/System/Library/PrivateFrameworks/PoirotUDFs.framework/Versions/A/PoirotUDFs
0x000000028994d000 	/usr/lib/swift/libswift_DarwinFoundation2.dylib
0x000000028994e000 	/usr/lib/swift/libswift_DarwinFoundation3.dylib
0x00000001a02e7000 	/System/Library/PrivateFrameworks/CoreTime.framework/Versions/A/CoreTime
0x0000000195658000 	/usr/lib/libiconv.2.dylib
0x00000001955b5000 	/usr/lib/libcharset.1.dylib
0x00000002670ac000 	/System/Library/PrivateFrameworks/PoirotSQLite.framework/Versions/A/PoirotSQLite
0x000000028994f000 	/usr/lib/swift/libswift_RegexParser.dylib
0x000000023c696000 	/System/Library/PrivateFrameworks/CascadeSets.framework/Versions/A/CascadeSets
0x0000000199d92000 	/System/Library/PrivateFrameworks/CorePhoneNumbers.framework/Versions/A/CorePhoneNumbers
0x00000001975af000 	/System/Library/PrivateFrameworks/AppleJPEG.framework/Versions/A/AppleJPEG
0x0000000196f88000 	/usr/lib/libexpat.1.dylib
0x0000000197d7a000 	/System/Library/Frameworks/ImageIO.framework/Versions/A/Resources/libPng.dylib
0x0000000197da5000 	/System/Library/Frameworks/ImageIO.framework/Versions/A/Resources/libTIFF.dylib
0x0000000197e8d000 	/System/Library/Frameworks/ImageIO.framework/Versions/A/Resources/libGIF.dylib
0x00000001975f4000 	/System/Library/Frameworks/ImageIO.framework/Versions/A/Resources/libJP2.dylib
0x0000000197e34000 	/System/Library/Frameworks/ImageIO.framework/Versions/A/Resources/libJPEG.dylib
0x0000000197e2b000 	/System/Library/Frameworks/ImageIO.framework/Versions/A/Resources/libRadiance.dylib
0x000000024c70d000 	/System/Library/PrivateFrameworks/GPUCompiler.framework/Versions/32023/Libraries/libllvm-flatbuffers.dylib
0x000000024716d000 	/System/Library/PrivateFrameworks/FramePacing.framework/Versions/A/FramePacing
0x000000022a85e000 	/System/Library/Frameworks/OpenGL.framework/Versions/A/Libraries/libCoreFSCache.dylib
0x000000024829a000 	/System/Library/PrivateFrameworks/GPUCompiler.framework/Versions/32023/Libraries/libGPUCompilerUtils.dylib
0x000000019fe40000 	/System/Library/PrivateFrameworks/GraphicsServices.framework/Versions/A/GraphicsServices
0x000000022a8bd000 	/System/Library/Frameworks/OpenGL.framework/Versions/A/Libraries/libGLU.dylib
0x000000022a880000 	/System/Library/Frameworks/OpenGL.framework/Versions/A/Libraries/libGFXShared.dylib
0x000000022aa4d000 	/System/Library/Frameworks/OpenGL.framework/Versions/A/Libraries/libGL.dylib
0x000000022a889000 	/System/Library/Frameworks/OpenGL.framework/Versions/A/Libraries/libGLImage.dylib
0x000000022a87d000 	/System/Library/Frameworks/OpenGL.framework/Versions/A/Libraries/libCVMSPluginSupport.dylib
0x000000022a866000 	/System/Library/Frameworks/OpenGL.framework/Versions/A/Libraries/libCoreVMClient.dylib
0x0000000197e26000 	/System/Library/PrivateFrameworks/GPUWrangler.framework/Versions/A/GPUWrangler
0x0000000197e06000 	/System/Library/PrivateFrameworks/IOPresentment.framework/Versions/A/IOPresentment
0x0000000197e2e000 	/System/Library/PrivateFrameworks/DSExternalDisplay.framework/Versions/A/DSExternalDisplay
0x000000027d86c000 	/System/Library/PrivateFrameworks/VideoToolboxParavirtualizationSupport.framework/Versions/A/VideoToolboxParavirtualizationSupport
0x0000000196f3f000 	/System/Library/PrivateFrameworks/AppleVA.framework/Versions/A/AppleVA
0x000000022c8e2000 	/System/Library/Frameworks/ExtensionFoundation.framework/Versions/A/ExtensionFoundation
0x0000000197e93000 	/System/Library/PrivateFrameworks/CMCaptureCore.framework/Versions/A/CMCaptureCore
0x000000019720c000 	/System/Library/PrivateFrameworks/AppServerSupport.framework/Versions/A/AppServerSupport
0x0000000199b8b000 	/System/Library/PrivateFrameworks/perfdata.framework/Versions/A/perfdata
0x000000018835a000 	/System/Library/PrivateFrameworks/AudioToolboxCore.framework/Versions/A/AudioToolboxCore
0x0000000192133000 	/System/Library/PrivateFrameworks/caulk.framework/Versions/A/caulk
0x0000000199788000 	/usr/lib/libAudioStatistics.dylib
0x00000001b1a02000 	/System/Library/PrivateFrameworks/SystemPolicy.framework/Versions/A/SystemPolicy
0x0000000199a30000 	/usr/lib/libSMC.dylib
0x00000001b931c000 	/usr/lib/swift/libswiftCoreMIDI.dylib
0x00000001a4d56000 	/System/Library/Frameworks/CoreMIDI.framework/Versions/A/CoreMIDI
0x0000000197d54000 	/usr/lib/libAudioToolboxUtility.dylib
0x0000000199b99000 	/usr/lib/libperfcheck.dylib
0x000000023a0cd000 	/System/Library/PrivateFrameworks/AudioAnalytics.framework/Versions/A/AudioAnalytics
0x00000001d87ba000 	/System/Library/Frameworks/OSLog.framework/Versions/A/OSLog
0x0000000262b6d000 	/System/Library/PrivateFrameworks/OSEligibility.framework/Versions/A/OSEligibility
0x000000022dccd000 	/System/Library/Frameworks/LightweightCodeRequirements.framework/Versions/A/LightweightCodeRequirements
0x0000000196e88000 	/System/Library/PrivateFrameworks/PlugInKit.framework/Versions/A/PlugInKit
0x0000000194774000 	/System/Library/PrivateFrameworks/AssertionServices.framework/Versions/A/AssertionServices
0x0000000196fad000 	/System/Library/PrivateFrameworks/IconFoundation.framework/Versions/A/IconFoundation
0x0000000253532000 	/System/Library/PrivateFrameworks/IconRendering.framework/Versions/A/IconRendering
0x000000026a509000 	/System/Library/PrivateFrameworks/SFSymbols.framework/Versions/A/SFSymbols
0x00000001971bc000 	/System/Library/PrivateFrameworks/GraphVisualizer.framework/Versions/A/GraphVisualizer
0x0000000247078000 	/System/Library/PrivateFrameworks/FontServices.framework/Versions/A/FontServices
0x00000001971cc000 	/System/Library/PrivateFrameworks/OTSVG.framework/Versions/A/OTSVG
0x000000018fcef000 	/System/Library/Frameworks/ApplicationServices.framework/Versions/A/Frameworks/ATS.framework/Versions/A/Resources/libFontRegistry.dylib
0x0000000288a89000 	/usr/lib/libhvf.dylib
0x00000002637ed000 	/System/Library/PrivateFrameworks/ParsingInternal.framework/Versions/A/ParsingInternal
0x000000024707c000 	/System/Library/PrivateFrameworks/FontServices.framework/libXTFontStaticRegistryData.dylib
0x000000019314e000 	/System/Library/Frameworks/MetalPerformanceShaders.framework/Versions/A/Frameworks/MPSCore.framework/Versions/A/MPSCore
0x0000000194f44000 	/System/Library/Frameworks/MetalPerformanceShaders.framework/Versions/A/Frameworks/MPSImage.framework/Versions/A/MPSImage
0x0000000194903000 	/System/Library/Frameworks/MetalPerformanceShaders.framework/Versions/A/Frameworks/MPSNeuralNetwork.framework/Versions/A/MPSNeuralNetwork
0x0000000194d42000 	/System/Library/Frameworks/MetalPerformanceShaders.framework/Versions/A/Frameworks/MPSMatrix.framework/Versions/A/MPSMatrix
0x0000000194b5a000 	/System/Library/Frameworks/MetalPerformanceShaders.framework/Versions/A/Frameworks/MPSRayIntersector.framework/Versions/A/MPSRayIntersector
0x0000000194d74000 	/System/Library/Frameworks/MetalPerformanceShaders.framework/Versions/A/Frameworks/MPSNDArray.framework/Versions/A/MPSNDArray
0x000000022eb4e000 	/System/Library/Frameworks/MetalPerformanceShaders.framework/Versions/A/Frameworks/MPSFunctions.framework/Versions/A/MPSFunctions
0x000000022eb2f000 	/System/Library/Frameworks/MetalPerformanceShaders.framework/Versions/A/Frameworks/MPSBenchmarkLoop.framework/Versions/A/MPSBenchmarkLoop
0x000000022eb62000 	/System/Library/Frameworks/MetalPerformanceShaders.framework/Versions/A/Frameworks/MPSHost.framework/Versions/A/MPSHost
0x00000001860b4000 	/System/Library/PrivateFrameworks/MetalTools.framework/Versions/A/MetalTools
0x00000001b7c61000 	/System/Library/PrivateFrameworks/IOAccelMemoryInfo.framework/Versions/A/IOAccelMemoryInfo
0x00000001c6131000 	/System/Library/PrivateFrameworks/kperf.framework/Versions/A/kperf
0x00000001b29ec000 	/System/Library/PrivateFrameworks/GPURawCounter.framework/Versions/A/GPURawCounter
0x00000001a3adb000 	/System/Library/PrivateFrameworks/ASEProcessing.framework/Versions/A/ASEProcessing
0x00000001d41b3000 	/System/Library/PrivateFrameworks/Symbolication.framework/Versions/A/Symbolication
0x0000000266c98000 	/System/Library/PrivateFrameworks/PhotosensitivityProcessing.framework/Versions/A/PhotosensitivityProcessing
0x000000026a58f000 	/System/Library/PrivateFrameworks/SILManager.framework/Versions/A/SILManager
0x00000001a018b000 	/System/Library/PrivateFrameworks/CoreSymbolication.framework/Versions/A/CoreSymbolication
0x00000001b2961000 	/System/Library/PrivateFrameworks/MallocStackLogging.framework/Versions/A/MallocStackLogging
0x00000001a0169000 	/System/Library/PrivateFrameworks/DebugSymbols.framework/Versions/A/DebugSymbols
0x00000001c48a8000 	/System/Library/PrivateFrameworks/OSAnalytics.framework/Versions/A/OSAnalytics
0x0000000244ddf000 	/System/Library/PrivateFrameworks/DeviceRecovery.framework/Versions/A/DeviceRecovery
0x0000000279163000 	/System/Library/PrivateFrameworks/Tightbeam.framework/Versions/A/Tightbeam
0x00000001caf5b000 	/System/Library/PrivateFrameworks/AFKUser.framework/Versions/A/AFKUser
0x00000001953ac000 	/System/Library/Frameworks/UserNotifications.framework/Versions/A/UserNotifications
0x00000001b83ee000 	/System/Library/PrivateFrameworks/SiriInstrumentation.framework/Versions/A/SiriInstrumentation
0x000000026c9c6000 	/System/Library/PrivateFrameworks/SiriAnalytics.framework/Versions/A/SiriAnalytics
0x00000001b5b82000 	/System/Library/PrivateFrameworks/FeedbackLogger.framework/Versions/A/FeedbackLogger
0x00000001d0385000 	/usr/lib/swift/libswiftAVFoundation.dylib
0x000000027b987000 	/System/Library/PrivateFrameworks/UnifiedAssetFramework.framework/Versions/A/UnifiedAssetFramework
0x0000000199707000 	/System/Library/PrivateFrameworks/AudioSession.framework/Versions/A/AudioSession
0x00000001970cd000 	/System/Library/PrivateFrameworks/MediaExperience.framework/Versions/A/MediaExperience
0x00000001994dc000 	/System/Library/PrivateFrameworks/AudioSession.framework/libSessionUtility.dylib
0x000000019ed1b000 	/System/Library/Frameworks/CoreBluetooth.framework/Versions/A/CoreBluetooth
0x00000001945e8000 	/System/Library/PrivateFrameworks/CoreUtils.framework/Versions/A/CoreUtils
0x00000001aa8ba000 	/System/Library/PrivateFrameworks/HID.framework/Versions/A/HID
0x0000000244086000 	/System/Library/PrivateFrameworks/CoreUtilsExtras.framework/Versions/A/CoreUtilsExtras
0x0000000253487000 	/System/Library/PrivateFrameworks/IO80211.framework/Versions/A/IO80211
0x000000019b6b9000 	/System/Library/Frameworks/IOBluetooth.framework/Versions/A/IOBluetooth
0x000000028975a000 	/usr/lib/swift/libswiftRegexBuilder.dylib
0x0000000196d28000 	/usr/lib/libIOReport.dylib
0x00000001e0c82000 	/System/Library/PrivateFrameworks/WiFiPeerToPeer.framework/Versions/A/WiFiPeerToPeer
0x0000000194783000 	/System/Library/Frameworks/SecurityFoundation.framework/Versions/A/SecurityFoundation
0x000000023c74a000 	/System/Library/PrivateFrameworks/Centauri.framework/Versions/A/Centauri
0x0000000186a98000 	/System/Library/PrivateFrameworks/Lexicon.framework/Versions/A/Lexicon
0x0000000288ed9000 	/usr/lib/libmrc.dylib
0x00000002534f2000 	/System/Library/PrivateFrameworks/IPConfiguration.framework/Versions/A/IPConfiguration
0x00000001d498b000 	/System/Library/PrivateFrameworks/Netrb.framework/Versions/A/Netrb
0x00000001948ec000 	/usr/lib/libgermantok.dylib
0x000000019333d000 	/System/Library/PrivateFrameworks/LinguisticData.framework/Versions/A/LinguisticData
0x000000019ef24000 	/System/Library/PrivateFrameworks/MediaKit.framework/Versions/A/MediaKit
0x000000019ee72000 	/System/Library/Frameworks/DiscRecording.framework/Versions/A/DiscRecording
0x0000000196fa3000 	/usr/lib/libheimdal-asn1.dylib
0x00000001a2943000 	/System/Library/Frameworks/AudioUnit.framework/Versions/A/AudioUnit
0x0000000190007000 	/System/Library/Frameworks/OpenDirectory.framework/Versions/A/OpenDirectory
0x0000000190015000 	/System/Library/Frameworks/OpenDirectory.framework/Versions/A/Frameworks/CFOpenDirectory.framework/Versions/A/CFOpenDirectory
0x000000019ba5f000 	/System/Library/PrivateFrameworks/GeoServices.framework/Versions/A/GeoServices
0x00000001994a2000 	/System/Library/PrivateFrameworks/LocationSupport.framework/Versions/A/LocationSupport
0x00000002501b2000 	/System/Library/PrivateFrameworks/GeoServicesCore.framework/Versions/A/GeoServicesCore
0x00000001ab7b9000 	/System/Library/PrivateFrameworks/PhoneNumbers.framework/Versions/A/PhoneNumbers
0x000000025894f000 	/System/Library/PrivateFrameworks/LocationLogEncryption.framework/Versions/A/LocationLogEncryption
0x000000022add9000 	/System/Library/Frameworks/AVFAudio.framework/Versions/A/AVFAudio
0x000000022af1d000 	/System/Library/Frameworks/AVRouting.framework/Versions/A/AVRouting
0x00000001ab8d1000 	/usr/lib/libAccessibility.dylib
0x0000000257340000 	/System/Library/PrivateFrameworks/IsolatedCoreAudioClient.framework/Versions/A/IsolatedCoreAudioClient
0x000000023fedc000 	/System/Library/PrivateFrameworks/CoreAudioOrchestration.framework/Versions/A/CoreAudioOrchestration
0x000000019837b000 	/System/Library/Frameworks/MediaToolbox.framework/Versions/A/MediaToolbox
0x000000019f04a000 	/System/Library/PrivateFrameworks/CoreAVCHD.framework/Versions/A/CoreAVCHD
0x000000019df80000 	/System/Library/Frameworks/MediaAccessibility.framework/Versions/A/MediaAccessibility
0x000000019f046000 	/System/Library/PrivateFrameworks/Mangrove.framework/Versions/A/Mangrove
0x000000023bd88000 	/System/Library/PrivateFrameworks/CMPhoto.framework/Versions/A/CMPhoto
0x000000019f80e000 	/System/Library/Frameworks/CoreTelephony.framework/Versions/A/CoreTelephony
0x000000019f039000 	/System/Library/PrivateFrameworks/CoreAUC.framework/Versions/A/CoreAUC
0x0000000238f7b000 	/System/Library/PrivateFrameworks/AppleJPEGXL.framework/Versions/A/AppleJPEGXL
0x0000000199da2000 	/usr/lib/libTelephonyUtilDynamic.dylib
0x00000001db821000 	/System/Library/Frameworks/CryptoKit.framework/Versions/A/CryptoKit
0x00000001a293e000 	/System/Library/PrivateFrameworks/CryptoKitCBridging.framework/Versions/A/CryptoKitCBridging
0x000000019fe52000 	/System/Library/Frameworks/CryptoTokenKit.framework/Versions/A/CryptoTokenKit
0x0000000244861000 	/System/Library/PrivateFrameworks/Dendrite.framework/Versions/A/Dendrite
0x00000001b2596000 	/System/Library/Frameworks/NaturalLanguage.framework/Versions/A/NaturalLanguage
0x00000001e0c0a000 	/usr/lib/swift/libswiftNaturalLanguage.dylib
0x0000000239aed000 	/System/Library/PrivateFrameworks/AppleMobileFileIntegrity.framework/Versions/A/AppleMobileFileIntegrity
0x0000000287f70000 	/usr/lib/libTLE.dylib
0x00000001b2993000 	/usr/lib/libmis.dylib
0x00000001ea226000 	/System/Library/PrivateFrameworks/ConfigProfileHelper.framework/Versions/A/ConfigProfileHelper
0x00000001a2acd000 	/System/Library/PrivateFrameworks/Espresso.framework/Versions/A/Espresso
0x0000000190794000 	/System/Library/Frameworks/CoreML.framework/Versions/A/CoreML
0x00000001deaca000 	/usr/lib/libedit.3.dylib
0x0000000227be8000 	/System/Library/PrivateFrameworks/ANECompiler.framework/Versions/A/ANECompiler
0x00000001a4b9b000 	/System/Library/PrivateFrameworks/AppleNeuralEngine.framework/Versions/A/AppleNeuralEngine
0x0000000258a6d000 	/System/Library/PrivateFrameworks/MIL.framework/Versions/A/MIL
0x000000022eb68000 	/System/Library/Frameworks/MetalPerformanceShadersGraph.framework/Versions/A/MetalPerformanceShadersGraph
0x00000002591dc000 	/System/Library/PrivateFrameworks/MLCompilerServices.framework/Versions/A/MLCompilerServices
0x00000001a391f000 	/System/Library/PrivateFrameworks/ANEServices.framework/Versions/A/ANEServices
0x00000001b7c24000 	/usr/lib/libncurses.5.4.dylib
0x0000000189c4d000 	/usr/lib/libsandbox.1.dylib
0x0000000196ec9000 	/usr/lib/libMatch.1.dylib
0x00000002628ef000 	/System/Library/PrivateFrameworks/ODIE.framework/Versions/A/ODIE
0x000000025be69000 	/System/Library/PrivateFrameworks/MLModelAsset.framework/Versions/A/MLModelAsset
0x0000000259182000 	/System/Library/PrivateFrameworks/MLCompilerRuntime.framework/Versions/A/MLCompilerRuntime
0x0000000194baf000 	/System/Library/Frameworks/MLCompute.framework/Versions/A/MLCompute
0x0000000259104000 	/System/Library/PrivateFrameworks/MLAssetIO.framework/Versions/A/MLAssetIO
0x000000028972c000 	/usr/lib/swift/libswiftMLCompute.dylib
0x000000019fa29000 	/System/Library/PrivateFrameworks/AVFCore.framework/Versions/A/AVFCore
0x00000001a91da000 	/System/Library/PrivateFrameworks/AVFCapture.framework/Versions/A/AVFCapture
0x000000023bb7f000 	/System/Library/PrivateFrameworks/CMImaging.framework/Versions/A/CMImaging
0x00000001a941c000 	/System/Library/PrivateFrameworks/Quagga.framework/Versions/A/Quagga
0x00000001a954d000 	/System/Library/PrivateFrameworks/CMCapture.framework/Versions/A/CMCapture
0x000000019992d000 	/System/Library/Frameworks/CoreMediaIO.framework/Versions/A/CoreMediaIO
0x000000023baba000 	/System/Library/PrivateFrameworks/CMCaptureDevice.framework/Versions/A/CMCaptureDevice
0x0000000197305000 	/System/Library/PrivateFrameworks/CoreBrightness.framework/Versions/A/CoreBrightness
0x000000023cc40000 	/System/Library/PrivateFrameworks/CinematicFraming.framework/Versions/A/CinematicFraming
0x000000025ef3c000 	/System/Library/PrivateFrameworks/ModelManagerServices.framework/Versions/A/ModelManagerServices
0x00000001cd3fa000 	/System/Library/PrivateFrameworks/CPMS.framework/Versions/A/CPMS
0x000000027689d000 	/System/Library/PrivateFrameworks/SystemStatus.framework/Versions/A/SystemStatus
0x00000001b13d7000 	/System/Library/Frameworks/CoreMotion.framework/Versions/A/CoreMotion
0x00000001c193a000 	/System/Library/PrivateFrameworks/TimeSync.framework/Versions/A/TimeSync
0x0000000245212000 	/System/Library/PrivateFrameworks/DistributedSensing.framework/Versions/A/DistributedSensing
0x00000001bcd54000 	/System/Library/PrivateFrameworks/MobileBluetooth.framework/Versions/A/MobileBluetooth
0x00000001c35f6000 	/System/Library/PrivateFrameworks/IOKitten.framework/Versions/A/IOKitten
0x0000000238df9000 	/System/Library/PrivateFrameworks/AppleIntelligenceReporting.framework/Versions/A/AppleIntelligenceReporting
0x00000001944f7000 	/System/Library/PrivateFrameworks/CoreEmoji.framework/Versions/A/CoreEmoji
0x0000000186daa000 	/usr/lib/libCRFSuite.dylib
0x000000018808a000 	/System/Library/PrivateFrameworks/LanguageModeling.framework/Versions/A/LanguageModeling
0x000000019321d000 	/System/Library/PrivateFrameworks/CoreNLP.framework/Versions/A/CoreNLP
0x000000018cff9000 	/System/Library/PrivateFrameworks/Montreal.framework/Versions/A/Montreal
0x0000000195660000 	/usr/lib/libcmph.dylib
0x000000019488d000 	/usr/lib/libmecab.dylib
0x00000001957d1000 	/usr/lib/libThaiTokenizer.dylib
0x000000024ffa1000 	/System/Library/PrivateFrameworks/GenerativeModelsFoundation.framework/Versions/A/GenerativeModelsFoundation
0x0000000279666000 	/System/Library/PrivateFrameworks/TokenGeneration.framework/Versions/A/TokenGeneration
0x000000024fd74000 	/System/Library/PrivateFrameworks/GenerativeFunctions.framework/Versions/A/GenerativeFunctions
0x000000024fdc2000 	/System/Library/PrivateFrameworks/GenerativeFunctionsFoundation.framework/Versions/A/GenerativeFunctionsFoundation
0x000000025ec01000 	/System/Library/PrivateFrameworks/ModelCatalog.framework/Versions/A/ModelCatalog
0x000000026bbe4000 	/System/Library/PrivateFrameworks/SensitiveContentAnalysisML.framework/Versions/A/SensitiveContentAnalysisML
0x000000024fe58000 	/System/Library/PrivateFrameworks/GenerativeFunctionsInstrumentation.framework/Versions/A/GenerativeFunctionsInstrumentation
0x0000000268a87000 	/System/Library/PrivateFrameworks/PromptKit.framework/Versions/A/PromptKit
0x00000002684c0000 	/System/Library/PrivateFrameworks/ProactiveDaemonSupport.framework/Versions/A/ProactiveDaemonSupport
0x000000027989e000 	/System/Library/PrivateFrameworks/TokenGenerationCore.framework/Versions/A/TokenGenerationCore
0x00000001b345f000 	/System/Library/PrivateFrameworks/Trial.framework/Versions/A/Trial
0x00000001b33e0000 	/System/Library/PrivateFrameworks/TrialProto.framework/Versions/A/TrialProto
0x0000000238a26000 	/System/Library/PrivateFrameworks/AppleFlatBuffers.framework/Versions/A/AppleFlatBuffers
0x000000026beb4000 	/System/Library/PrivateFrameworks/SentencePieceInternal.framework/Versions/A/SentencePieceInternal
0x000000019dfd9000 	/System/Library/Frameworks/Vision.framework/Versions/A/Vision
0x0000000243d7f000 	/System/Library/PrivateFrameworks/CoreSceneUnderstanding.framework/Versions/A/CoreSceneUnderstanding
0x000000027e470000 	/System/Library/PrivateFrameworks/VisionCore.framework/Versions/A/VisionCore
0x00000001bbce3000 	/System/Library/Frameworks/Vision.framework/libfaceCore.dylib
0x00000001bc7fd000 	/System/Library/PrivateFrameworks/Futhark.framework/Versions/A/Futhark
0x00000001c0724000 	/System/Library/PrivateFrameworks/InertiaCam.framework/Versions/A/InertiaCam
0x00000001bc58a000 	/System/Library/PrivateFrameworks/TextRecognition.framework/Versions/A/TextRecognition
0x0000000196d66000 	/System/Library/PrivateFrameworks/CVNLP.framework/Versions/A/CVNLP
0x00000001d8c9f000 	/System/Library/PrivateFrameworks/HIDDisplay.framework/Versions/A/HIDDisplay
0x0000000197e5f000 	/System/Library/Frameworks/ApplicationServices.framework/Versions/A/Frameworks/ATSUI.framework/Versions/A/ATSUI
0x0000000199b11000 	/usr/lib/libcups.2.dylib
0x0000000199ba7000 	/System/Library/Frameworks/Kerberos.framework/Versions/A/Kerberos
0x0000000199818000 	/usr/lib/libresolv.9.dylib
0x0000000197220000 	/System/Library/PrivateFrameworks/Heimdal.framework/Versions/A/Heimdal
0x00000001a2942000 	/System/Library/Frameworks/Kerberos.framework/Versions/A/Libraries/libHeimdalProxy.dylib
0x0000000199c0b000 	/System/Library/PrivateFrameworks/CommonAuth.framework/Versions/A/CommonAuth
0x00000001ab7c5000 	/System/Library/PrivateFrameworks/AXCoreUtilities.framework/Versions/A/AXCoreUtilities
0x0000000287a71000 	/usr/lib/libAXSafeCategoryBundle.dylib
0x0000000232ef3000 	/System/Library/Frameworks/TabularData.framework/Versions/A/TabularData
0x0000000239c9c000 	/System/Library/PrivateFrameworks/ArgumentParserInternal.framework/Versions/A/ArgumentParserInternal
0x00000001943b9000 	/System/Library/Frameworks/Accelerate.framework/Versions/A/Frameworks/vecLib.framework/Versions/A/libvDSP.dylib
0x000000019591b000 	/System/Library/Frameworks/Accelerate.framework/Versions/A/Frameworks/vecLib.framework/Versions/A/libLAPACK.dylib
0x00000001948ef000 	/System/Library/Frameworks/Accelerate.framework/Versions/A/Frameworks/vecLib.framework/Versions/A/libLinearAlgebra.dylib
0x0000000195817000 	/System/Library/Frameworks/Accelerate.framework/Versions/A/Frameworks/vecLib.framework/Versions/A/libSparseBLAS.dylib
0x0000000195916000 	/System/Library/Frameworks/Accelerate.framework/Versions/A/Frameworks/vecLib.framework/Versions/A/libQuadrature.dylib
0x0000000193344000 	/System/Library/Frameworks/Accelerate.framework/Versions/A/Frameworks/vecLib.framework/Versions/A/libBNNS.dylib
0x0000000186ba8000 	/System/Library/Frameworks/Accelerate.framework/Versions/A/Frameworks/vecLib.framework/Versions/A/libSparse.dylib
0x0000000199b70000 	/System/Library/PrivateFrameworks/NetAuth.framework/Versions/A/NetAuth
0x000000019022b000 	/System/Library/PrivateFrameworks/login.framework/Versions/A/Frameworks/loginsupport.framework/Versions/A/loginsupport
0x0000000194857000 	/usr/lib/libCheckFix.dylib
0x000000018f3b1000 	/System/Library/PrivateFrameworks/MetadataUtilities.framework/Versions/A/MetadataUtilities
0x0000000253f87000 	/System/Library/PrivateFrameworks/InstalledContentLibrary.framework/Versions/A/InstalledContentLibrary
0x0000000189b12000 	/System/Library/PrivateFrameworks/CoreServicesStore.framework/Versions/A/CoreServicesStore
0x00000001c6248000 	/System/Library/PrivateFrameworks/MobileSystemServices.framework/Versions/A/MobileSystemServices
0x0000000196beb000 	/usr/lib/libxslt.1.dylib
0x0000000194816000 	/System/Library/PrivateFrameworks/BackgroundTaskManagement.framework/Versions/A/BackgroundTaskManagement
0x00000001a1fd8000 	/usr/lib/libcurl.4.dylib
0x000000028883d000 	/usr/lib/libcrypto.46.dylib
0x00000002893d6000 	/usr/lib/libssl.48.dylib
0x00000001a1cb2000 	/System/Library/Frameworks/LDAP.framework/Versions/A/LDAP
0x00000001a1cee000 	/System/Library/PrivateFrameworks/TrustEvaluationAgent.framework/Versions/A/TrustEvaluationAgent
0x0000000199835000 	/usr/lib/libsasl2.2.dylib
0x00000001af8b9000 	/usr/lib/swift/libswiftCoreGraphics.dylib
0x000000019e673000 	/usr/lib/swift/libswiftFoundation.dylib
0x00000001e9bca000 	/usr/lib/swift/libswiftSwiftOnoneSupport.dylib
0x0000000289a83000 	/usr/lib/swift/libswiftsys_time.dylib
0x00000001d49c9000 	/System/Library/PrivateFrameworks/CoreMaterial.framework/Versions/A/CoreMaterial
0x0000000287f6d000 	/usr/lib/libSpatial.dylib
0x000000028798e000 	/System/Library/SubFrameworks/UIUtilities.framework/Versions/A/UIUtilities
0x000000010f96c000 	/Users/joeroskopf/.sdkman/candidates/java/21.0.2-amzn/lib/server/libjvm.dylib
0x0000000104870000 	/Users/joeroskopf/.sdkman/candidates/java/21.0.2-amzn/lib/libjimage.dylib
0x00000001048f4000 	/Users/joeroskopf/.sdkman/candidates/java/21.0.2-amzn/lib/libjava.dylib
0x0000000104e10000 	/Users/joeroskopf/.sdkman/candidates/java/21.0.2-amzn/lib/libnio.dylib
0x0000000104e30000 	/Users/joeroskopf/.sdkman/candidates/java/21.0.2-amzn/lib/libnet.dylib
0x0000000109564000 	/Users/joeroskopf/.sdkman/candidates/java/21.0.2-amzn/lib/libzip.dylib
0x0000000109618000 	/Users/joeroskopf/.sdkman/candidates/java/21.0.2-amzn/lib/libawt.dylib
0x00000001096d0000 	/Users/joeroskopf/.sdkman/candidates/java/21.0.2-amzn/lib/libmlib_image.dylib
0x000000022dcc4000 	/System/Library/Frameworks/JavaRuntimeSupport.framework/Versions/A/JavaRuntimeSupport
0x00000001b13d6000 	/System/Library/Frameworks/Carbon.framework/Versions/A/Carbon
0x00000001a7632000 	/System/Library/Frameworks/Carbon.framework/Versions/A/Frameworks/CommonPanels.framework/Versions/A/CommonPanels
0x00000001a1fc3000 	/System/Library/Frameworks/Carbon.framework/Versions/A/Frameworks/Help.framework/Versions/A/Help
0x00000001a7636000 	/System/Library/Frameworks/Carbon.framework/Versions/A/Frameworks/ImageCapture.framework/Versions/A/ImageCapture
0x00000001a7611000 	/System/Library/Frameworks/Carbon.framework/Versions/A/Frameworks/OpenScripting.framework/Versions/A/OpenScripting
0x00000001a7631000 	/System/Library/Frameworks/Carbon.framework/Versions/A/Frameworks/Ink.framework/Versions/A/Ink
0x00000001a762e000 	/System/Library/Frameworks/Carbon.framework/Versions/A/Frameworks/SecurityHI.framework/Versions/A/SecurityHI
0x0000000287de1000 	/usr/lib/libInterpreterSecurity.dylib
0x00000001c7fbe000 	/System/Library/PrivateFrameworks/XprotectFramework.framework/Versions/A/XprotectFramework
0x00000001aabdb000 	/System/Library/PrivateFrameworks/yara.framework/Versions/A/yara
0x0000000287d5e000 	/usr/lib/libEndpointSecuritySystem.dylib
0x000000010ed2c000 	/Users/joeroskopf/.sdkman/candidates/java/21.0.2-amzn/lib/libawt_lwawt.dylib
0x00000001095bc000 	/Users/joeroskopf/.sdkman/candidates/java/21.0.2-amzn/lib/libosxapp.dylib
0x00000001af922000 	/System/Library/Frameworks/ExceptionHandling.framework/Versions/A/ExceptionHandling
0x000000010f088000 	/Users/joeroskopf/.sdkman/candidates/java/21.0.2-amzn/lib/libfontmanager.dylib
0x000000010ec00000 	/Users/joeroskopf/.sdkman/candidates/java/21.0.2-amzn/lib/libfreetype.dylib
0x000000022b088000 	/System/Library/Frameworks/AppIntents.framework/Versions/A/AppIntents
0x000000023164b000 	/System/Library/Frameworks/RelevanceKit.framework/Versions/A/RelevanceKit
0x00000001953fd000 	/System/Library/Frameworks/CoreSpotlight.framework/Versions/A/CoreSpotlight
0x00000002584cb000 	/System/Library/PrivateFrameworks/LinkServices.framework/Versions/A/LinkServices
0x000000019e938000 	/System/Library/Frameworks/Contacts.framework/Versions/A/Contacts
0x00000002376c5000 	/System/Library/PrivateFrameworks/AppIntentsTypeSupport.framework/Versions/A/AppIntentsTypeSupport
0x000000024530e000 	/System/Library/PrivateFrameworks/DoNotDisturb.framework/Versions/A/DoNotDisturb
0x0000000258319000 	/System/Library/PrivateFrameworks/LinkMetadata.framework/Versions/A/LinkMetadata
0x00000001b2a17000 	/usr/lib/swift/libswiftIntents.dylib
0x00000001b7d7e000 	/System/Library/PrivateFrameworks/IntentsCore.framework/Versions/A/IntentsCore
0x000000023a5ac000 	/System/Library/PrivateFrameworks/AvailabilityKit.framework/Versions/A/AvailabilityKit
0x00000002372a8000 	/System/Library/PrivateFrameworks/AppIntentSchemas.framework/Versions/A/AppIntentSchemas
0x000000022d1db000 	/System/Library/Frameworks/GeoToolbox.framework/Versions/A/GeoToolbox
0x000000024ccaa000 	/System/Library/PrivateFrameworks/GRDBInternal.framework/Versions/A/GRDBInternal
0x0000000275138000 	/System/Library/PrivateFrameworks/StatusKit.framework/Versions/A/StatusKit
0x000000019e74f000 	/System/Library/PrivateFrameworks/ContactsPersistence.framework/Versions/A/ContactsPersistence
0x000000019d8a5000 	/System/Library/PrivateFrameworks/AppleLDAP.framework/Versions/A/AppleLDAP
0x00000001a2376000 	/System/Library/Frameworks/ClassKit.framework/Versions/A/ClassKit
0x00000001a4619000 	/System/Library/PrivateFrameworks/CoreSuggestions.framework/Versions/A/CoreSuggestions
0x000000019e674000 	/System/Library/PrivateFrameworks/ContactsFoundation.framework/Versions/A/ContactsFoundation
0x000000019fe00000 	/System/Library/PrivateFrameworks/vCard.framework/Versions/A/vCard
0x000000023e08e000 	/System/Library/PrivateFrameworks/ContactsMetrics.framework/Versions/A/ContactsMetrics
0x00000001972e1000 	/System/Library/PrivateFrameworks/login.framework/Versions/A/login
0x000000025c8f4000 	/System/Library/PrivateFrameworks/ManagedOrganizationContacts.framework/Versions/A/ManagedOrganizationContacts
0x00000001906c1000 	/System/Library/PrivateFrameworks/CloudDocs.framework/Versions/A/CloudDocs
0x00000001ab179000 	/System/Library/PrivateFrameworks/ProactiveEventTracker.framework/Versions/A/ProactiveEventTracker
0x000000019f24e000 	/System/Library/PrivateFrameworks/GenerationalStorage.framework/Versions/A/GenerationalStorage
0x0000000199d00000 	/System/Library/PrivateFrameworks/CacheDelete.framework/Versions/A/CacheDelete
0x00000001a2a7f000 	/System/Library/Frameworks/QuickLookThumbnailing.framework/Versions/A/QuickLookThumbnailing
0x000000019f078000 	/System/Library/Frameworks/FileProvider.framework/Versions/A/FileProvider
0x000000018b59d000 	/System/Library/PrivateFrameworks/DesktopServicesPriv.framework/Versions/A/DesktopServicesPriv
0x00000001b2474000 	/System/Library/PrivateFrameworks/FTServices.framework/Versions/A/FTServices
0x00000001aa870000 	/System/Library/PrivateFrameworks/CloudServices.framework/Versions/A/CloudServices
0x0000000191b77000 	/System/Library/Frameworks/CoreLocation.framework/Versions/A/CoreLocation
0x00000001a1103000 	/System/Library/Frameworks/Intents.framework/Versions/A/Intents
0x000000019502b000 	/System/Library/PrivateFrameworks/AuthKit.framework/Versions/A/AuthKit
0x00000001b92fa000 	/usr/lib/swift/libswiftCoreLocation.dylib
0x000000019b2b0000 	/System/Library/PrivateFrameworks/Sharing.framework/Versions/A/Sharing
0x000000019ac44000 	/System/Library/PrivateFrameworks/IDSFoundation.framework/Versions/A/IDSFoundation
0x00000001a177c000 	/System/Library/PrivateFrameworks/Apple80211.framework/Versions/A/Apple80211
0x0000000194565000 	/System/Library/Frameworks/CoreWLAN.framework/Versions/A/CoreWLAN
0x0000000199429000 	/System/Library/PrivateFrameworks/IMFoundation.framework/Versions/A/IMFoundation
0x00000001aabda000 	/System/Library/PrivateFrameworks/Marco.framework/Versions/A/Marco
0x000000018d962000 	/System/Library/PrivateFrameworks/CommonUtilities.framework/Versions/A/CommonUtilities
0x00000001a75f9000 	/System/Library/PrivateFrameworks/Engram.framework/Versions/A/Engram
0x00000002822cc000 	/System/Library/PrivateFrameworks/XPCDistributed.framework/Versions/A/XPCDistributed
0x00000001a7597000 	/usr/lib/libtidy.A.dylib
0x0000000197534000 	/System/Library/PrivateFrameworks/Bom.framework/Versions/A/Bom
0x0000000199855000 	/usr/lib/libParallelCompression.dylib
0x0000000199848000 	/System/Library/PrivateFrameworks/MultiverseSupport.framework/Versions/A/MultiverseSupport
0x000000019ef56000 	/System/Library/PrivateFrameworks/DiskManagement.framework/Versions/A/DiskManagement
0x000000019ee65000 	/System/Library/PrivateFrameworks/AppleIDAuthSupport.framework/Versions/A/AppleIDAuthSupport
0x000000023477a000 	/System/Library/PrivateFrameworks/AAAFoundation.framework/Versions/A/AAAFoundation
0x0000000199d4f000 	/System/Library/PrivateFrameworks/KeychainCircle.framework/Versions/A/KeychainCircle
0x00000001ab7bb000 	/System/Library/PrivateFrameworks/URLFormatting.framework/Versions/A/URLFormatting
0x00000001a1fcc000 	/usr/lib/libcsfde.dylib
0x0000000196ed1000 	/usr/lib/libCoreStorage.dylib
0x000000019b78f000 	/System/Library/PrivateFrameworks/ProtectedCloudStorage.framework/Versions/A/ProtectedCloudStorage
0x00000001a1fc7000 	/System/Library/PrivateFrameworks/EFILogin.framework/Versions/A/EFILogin
0x000000019f275000 	/System/Library/PrivateFrameworks/OctagonTrust.framework/Versions/A/OctagonTrust
0x000000019aa1f000 	/System/Library/PrivateFrameworks/IDS.framework/Versions/A/IDS
0x000000019fed4000 	/System/Library/Frameworks/LocalAuthentication.framework/Versions/A/LocalAuthentication
0x0000000258704000 	/System/Library/PrivateFrameworks/LocalAuthenticationCore.framework/Versions/A/LocalAuthenticationCore
0x00000002588ca000 	/System/Library/PrivateFrameworks/LocalAuthenticationCredentialServices.framework/Versions/A/LocalAuthenticationCredentialServices
0x000000019ff41000 	/System/Library/Frameworks/LocalAuthentication.framework/Support/SharedUtils.framework/Versions/A/SharedUtils
0x0000000239f57000 	/System/Library/PrivateFrameworks/AsyncAlgorithmsInternal.framework/Versions/A/AsyncAlgorithmsInternal
0x00000001c13ae000 	/System/Library/PrivateFrameworks/FTAWD.framework/Versions/A/FTAWD
0x00000001a2a07000 	/System/Library/PrivateFrameworks/IntentsFoundation.framework/Versions/A/IntentsFoundation
0x000000019022e000 	/System/Library/PrivateFrameworks/ApplePushService.framework/Versions/A/ApplePushService
0x0000000190299000 	/System/Library/Frameworks/CloudKit.framework/Versions/A/CloudKit
0x00000001c93cc000 	/System/Library/PrivateFrameworks/DeviceIdentity.framework/Versions/A/DeviceIdentity
0x0000000231ad5000 	/System/Library/Frameworks/SharedWithYouCore.framework/Versions/A/SharedWithYouCore
0x000000023d51d000 	/System/Library/PrivateFrameworks/CloudTelemetry.framework/Versions/A/CloudTelemetry
0x00000001a243e000 	/System/Library/PrivateFrameworks/AppleAccount.framework/Versions/A/AppleAccount
0x00000001a2a22000 	/System/Library/PrivateFrameworks/C2.framework/Versions/A/C2
0x000000023d171000 	/System/Library/PrivateFrameworks/CloudCoreInternal.framework/Versions/A/CloudCoreInternal
0x000000023cedc000 	/System/Library/PrivateFrameworks/CloudAsset.framework/Versions/A/CloudAsset
0x00000001a2a18000 	/System/Library/Frameworks/PushKit.framework/Versions/A/PushKit
0x000000023d542000 	/System/Library/PrivateFrameworks/CloudTelemetryTools.framework/Versions/A/CloudTelemetryTools
0x000000023d533000 	/System/Library/PrivateFrameworks/CloudTelemetryShared.dylib
0x00000001a48f0000 	/System/Library/PrivateFrameworks/RTCReporting.framework/Versions/A/RTCReporting
0x0000000234797000 	/System/Library/PrivateFrameworks/AAAFoundationSwift.framework/Versions/A/AAAFoundationSwift
0x00000001a26c4000 	/System/Library/PrivateFrameworks/AppleIDSSOAuthentication.framework/Versions/A/AppleIDSSOAuthentication
0x000000018fec8000 	/System/Library/PrivateFrameworks/ViewBridge.framework/Versions/A/ViewBridge
0x0000000233d50000 	/System/Library/Frameworks/_AppIntents_AppKit.framework/Versions/A/_AppIntents_AppKit
0x00000001097ec000 	/usr/lib/libobjc-trampolines.dylib
0x00000001bc8fd000 	/System/Library/CoreServices/RawCamera.bundle/Contents/MacOS/RawCamera
0x00000001b92df000 	/System/Library/Frameworks/Accelerate.framework/Versions/A/Frameworks/vImage.framework/Versions/A/Libraries/libCGInterfaces.dylib
0x0000000287a75000 	/usr/lib/libAccessibilityBaseImplementations.dylib
0x0000000281dca000 	/System/Library/PrivateFrameworks/WritingToolsUI.framework/Versions/A/WritingToolsUI
0x000000024fb8f000 	/System/Library/PrivateFrameworks/GenerativeAssistantSettings.framework/Versions/A/GenerativeAssistantSettings
0x000000027716a000 	/System/Library/PrivateFrameworks/TextComposer.framework/Versions/A/TextComposer
0x000000024fb62000 	/System/Library/PrivateFrameworks/GenerativeAssistantCommon.framework/Versions/A/GenerativeAssistantCommon
0x00000001ba3e4000 	/System/Library/Frameworks/SwiftUI.framework/Versions/A/SwiftUI
0x0000000236fcc000 	/System/Library/PrivateFrameworks/Anvil.framework/Versions/A/Anvil
0x0000000250017000 	/System/Library/PrivateFrameworks/GenerativePartnerService.framework/Versions/A/GenerativePartnerService
0x0000000250042000 	/System/Library/PrivateFrameworks/GenerativePartnerServiceUI.framework/Versions/A/GenerativePartnerServiceUI
0x00000001b260f000 	/System/Library/Frameworks/SafariServices.framework/Versions/A/SafariServices
0x00000001af9b2000 	/System/Library/Frameworks/WebKit.framework/Versions/A/WebKit
0x0000000233d8f000 	/System/Library/Frameworks/_AuthenticationServices_SwiftUI.framework/Versions/A/_AuthenticationServices_SwiftUI
0x00000001b9963000 	/System/Library/PrivateFrameworks/AppStoreDaemon.framework/Versions/A/AppStoreDaemon
0x00000001a4f9f000 	/System/Library/PrivateFrameworks/AppleMediaServices.framework/Versions/A/AppleMediaServices
0x00000001b5bb1000 	/System/Library/PrivateFrameworks/AppleMediaServicesUI.framework/Versions/A/AppleMediaServicesUI
0x00000001e9122000 	/System/Library/PrivateFrameworks/JetEngine.framework/Versions/A/JetEngine
0x00000001b32f0000 	/System/Library/PrivateFrameworks/OnBoardingKit.framework/Versions/A/OnBoardingKit
0x000000026c1ea000 	/System/Library/PrivateFrameworks/Settings.framework/Versions/A/Settings
0x000000022ca55000 	/System/Library/Frameworks/ExtensionKit.framework/Versions/A/ExtensionKit
0x000000022ca98000 	/System/Library/Frameworks/FSKit.framework/Versions/A/FSKit
0x0000000277046000 	/System/Library/PrivateFrameworks/TextAnimationSupport.framework/Versions/A/TextAnimationSupport
0x000000026934d000 	/System/Library/PrivateFrameworks/RecapPerformanceTesting.framework/Versions/A/RecapPerformanceTesting
0x00000001b32e0000 	/System/Library/PrivateFrameworks/SignpostCollection.framework/Versions/A/SignpostCollection
0x00000001a4921000 	/System/Library/Frameworks/WebKit.framework/Versions/A/Frameworks/WebKitLegacy.framework/Versions/A/WebKitLegacy
0x00000001a2715000 	/System/Library/PrivateFrameworks/CorePrediction.framework/Versions/A/CorePrediction
0x0000000190fce000 	/System/Library/Frameworks/WebKit.framework/Versions/A/Frameworks/WebCore.framework/Versions/A/Frameworks/libwebrtc.dylib
0x00000001998bd000 	/System/Library/Frameworks/SecurityInterface.framework/Versions/A/SecurityInterface
0x00000001b32ef000 	/System/Library/PrivateFrameworks/WebInspectorUI.framework/Versions/A/WebInspectorUI
0x00000001a7639000 	/System/Library/Frameworks/JavaScriptCore.framework/Versions/A/JavaScriptCore
0x00000001ab908000 	/System/Library/Frameworks/WebKit.framework/Versions/A/Frameworks/WebCore.framework/Versions/A/WebCore
0x000000022bb59000 	/System/Library/Frameworks/BrowserEngineCore.framework/Versions/A/BrowserEngineCore
0x0000000233909000 	/System/Library/Frameworks/WebKit.framework/Versions/A/Frameworks/WebCore.framework/Versions/A/Frameworks/libANGLE-shared.dylib
0x0000000280625000 	/System/Library/PrivateFrameworks/WebGPU.framework/Versions/A/WebGPU
0x00000001b522c000 	/System/Library/Frameworks/SceneKit.framework/Versions/A/SceneKit
0x00000001c6b05000 	/System/Library/Frameworks/ModelIO.framework/Versions/A/ModelIO
0x000000019b88d000 	/System/Library/Frameworks/MetalKit.framework/Versions/A/MetalKit
0x000000019dbb3000 	/System/Library/Frameworks/GLKit.framework/Versions/A/GLKit
0x0000000289dd5000 	/usr/lib/usd/libusd_ms.dylib
0x000000027b84d000 	/System/Library/PrivateFrameworks/USDLib_FormatLoaderProxy.framework/Versions/A/USDLib_FormatLoaderProxy
0x0000000289a7e000 	/usr/lib/swift/libswift_errno.dylib
0x00000001b2455000 	/System/Library/PrivateFrameworks/CoreOptimization.framework/Versions/A/CoreOptimization
0x000000023a459000 	/System/Library/PrivateFrameworks/AuthenticationServicesCore.framework/Versions/A/AuthenticationServicesCore
0x00000001bcd94000 	/System/Library/Frameworks/AuthenticationServices.framework/Versions/A/AuthenticationServices
0x0000000196e64000 	/System/Library/PrivateFrameworks/SharedWebCredentials.framework/Versions/A/SharedWebCredentials
0x00000001b41b9000 	/System/Library/PrivateFrameworks/SafariCore.framework/Versions/A/SafariCore
0x00000001bc8a6000 	/System/Library/PrivateFrameworks/SafariFoundation.framework/Versions/A/SafariFoundation
0x000000023b730000 	/System/Library/PrivateFrameworks/CBORLibrary.framework/Versions/A/CBORLibrary
0x000000023c78f000 	/System/Library/PrivateFrameworks/Chirp.framework/Versions/A/Chirp
0x000000023d3e0000 	/System/Library/PrivateFrameworks/CloudSubscriptionFeatures.framework/Versions/A/CloudSubscriptionFeatures
0x00000001ea565000 	/System/Library/PrivateFrameworks/RemoteManagement.framework/Versions/A/RemoteManagement
0x000000026973c000 	/System/Library/PrivateFrameworks/RemoteManagementModel.framework/Versions/A/RemoteManagementModel
0x00000002697cd000 	/System/Library/PrivateFrameworks/RemoteManagementStore.framework/Versions/A/RemoteManagementStore
0x000000019b8ac000 	/usr/lib/libxcselect.dylib
0x00000001bc815000 	/System/Library/PrivateFrameworks/DifferentialPrivacy.framework/Versions/A/DifferentialPrivacy
0x000000025c8fa000 	/System/Library/PrivateFrameworks/ManagedSettingsObjC.framework/Versions/A/ManagedSettingsObjC
0x00000001a3b00000 	/System/Library/PrivateFrameworks/ConfigurationProfiles.framework/Versions/A/ConfigurationProfiles
0x0000000258954000 	/System/Library/PrivateFrameworks/LockdownMode.framework/Versions/A/LockdownMode
0x000000027c4b2000 	/System/Library/PrivateFrameworks/VDAF.framework/Versions/A/VDAF
0x000000019df99000 	/System/Library/PrivateFrameworks/SystemAdministration.framework/Versions/A/SystemAdministration
0x00000001a90e2000 	/System/Library/PrivateFrameworks/PowerlogControl.framework/Versions/A/PowerlogControl
0x00000001a90e4000 	/usr/lib/libUniversalAccess.dylib
0x00000001a5a69000 	/System/Library/PrivateFrameworks/FamilyControls.framework/Versions/A/FamilyControls
0x000000019d879000 	/System/Library/Frameworks/DirectoryService.framework/Versions/A/DirectoryService
0x00000001a2059000 	/System/Library/PrivateFrameworks/LoginUIKit.framework/Versions/A/Frameworks/LoginUICore.framework/Versions/A/LoginUICore
0x0000000197532000 	/usr/lib/libodfde.dylib
0x00000001a5a63000 	/System/Library/PrivateFrameworks/UniversalAccess.framework/Versions/A/Libraries/libUAPreferences.dylib
0x00000001a5a8b000 	/System/Library/PrivateFrameworks/CommerceKit.framework/Versions/A/Frameworks/CommerceCore.framework/Versions/A/CommerceCore
0x00000001998f7000 	/System/Library/PrivateFrameworks/CoreFollowUp.framework/Versions/A/CoreFollowUp
0x00000002443c1000 	/System/Library/PrivateFrameworks/DMCUtilities.framework/Versions/A/DMCUtilities
0x00000002589e3000 	/System/Library/PrivateFrameworks/MDMClientLibrary.framework/Versions/A/MDMClientLibrary
0x00000002697c1000 	/System/Library/PrivateFrameworks/RemoteManagementProtocol.framework/Versions/A/RemoteManagementProtocol
0x0000000244323000 	/System/Library/PrivateFrameworks/DEPClientLibrary.framework/Versions/A/DEPClientLibrary
0x0000000244350000 	/System/Library/PrivateFrameworks/DMCEnrollmentLibrary.framework/Versions/A/DMCEnrollmentLibrary
0x00000001a91c8000 	/System/Library/PrivateFrameworks/SetupAssistantFramework.framework/Versions/A/SetupAssistantFramework
0x00000001a276b000 	/System/Library/PrivateFrameworks/AuthKitUI.framework/Versions/A/AuthKitUI
0x00000001a20a3000 	/System/Library/PrivateFrameworks/AppSSO.framework/Versions/A/AppSSO
0x00000001b96b6000 	/System/Library/PrivateFrameworks/LocalAuthenticationUI.framework/Versions/A/LocalAuthenticationUI
0x0000000266cfc000 	/System/Library/PrivateFrameworks/PlatformSSO.framework/Versions/A/PlatformSSO
0x0000000266dea000 	/System/Library/PrivateFrameworks/PlatformSSOCore.framework/Versions/A/PlatformSSOCore
0x000000022dd54000 	/System/Library/Frameworks/LocalAuthenticationEmbeddedUI.framework/Versions/A/LocalAuthenticationEmbeddedUI
0x00000001ba1ae000 	/System/Library/PrivateFrameworks/AOSUI.framework/Versions/A/AOSUI
0x00000001aaf3a000 	/System/Library/Frameworks/ContactsUI.framework/Versions/A/ContactsUI
0x000000019ebf5000 	/System/Library/PrivateFrameworks/FamilyCircle.framework/Versions/A/FamilyCircle
0x00000001c83cd000 	/System/Library/Frameworks/LinkPresentation.framework/Versions/A/LinkPresentation
0x00000001aaabf000 	/System/Library/PrivateFrameworks/IASUtilities.framework/Versions/A/IASUtilities
0x00000002533bc000 	/System/Library/PrivateFrameworks/IASUtilitiesCore.framework/Versions/A/IASUtilitiesCore
0x0000000269836000 	/System/Library/PrivateFrameworks/RemoteUI.framework/Versions/A/RemoteUI
0x0000000257c6e000 	/System/Library/PrivateFrameworks/LiftUI.framework/Versions/A/LiftUI
0x00000002823f1000 	/System/Library/PrivateFrameworks/_IconServices_SwiftUI.framework/Versions/A/_IconServices_SwiftUI
0x000000023d316000 	/System/Library/PrivateFrameworks/CloudSettings.framework/Versions/A/CloudSettings
0x00000001a46ec000 	/System/Library/Frameworks/EventKit.framework/Versions/A/EventKit
0x00000001b3509000 	/System/Library/PrivateFrameworks/SearchFoundation.framework/Versions/A/SearchFoundation
0x00000001ca530000 	/System/Library/PrivateFrameworks/Email.framework/Versions/A/Email
0x00000001b2065000 	/System/Library/PrivateFrameworks/CoreRoutine.framework/Versions/A/CoreRoutine
0x00000001e9ebe000 	/System/Library/PrivateFrameworks/VoiceShortcutClient.framework/Versions/A/VoiceShortcutClient
0x00000001c1f86000 	/System/Library/PrivateFrameworks/Categories.framework/Versions/A/Categories
0x00000001ba053000 	/System/Library/PrivateFrameworks/ChronoServices.framework/Versions/A/ChronoServices
0x000000023c1c7000 	/System/Library/PrivateFrameworks/CalendarDatabase.framework/Versions/A/CalendarDatabase
0x000000023c108000 	/System/Library/PrivateFrameworks/CalendarDaemon.framework/Versions/A/CalendarDaemon
0x00000001a3a3b000 	/System/Library/PrivateFrameworks/CalendarFoundation.framework/Versions/A/CalendarFoundation
0x00000001a39f6000 	/System/Library/PrivateFrameworks/iCalendar.framework/Versions/A/iCalendar
0x00000002445c6000 	/System/Library/PrivateFrameworks/DataAccessExpress.framework/Versions/A/DataAccessExpress
0x00000001ab0a2000 	/System/Library/PrivateFrameworks/ContactsAutocomplete.framework/Versions/A/ContactsAutocomplete
0x00000001b9f9f000 	/System/Library/PrivateFrameworks/FTClientServices.framework/Versions/A/FTClientServices
0x00000002757c1000 	/System/Library/PrivateFrameworks/StorageContainersPrivate.framework/Versions/A/StorageContainersPrivate
0x000000028970d000 	/usr/lib/swift/libswiftCoreMediaIO.dylib
0x00000001aa940000 	/System/Library/PrivateFrameworks/CoreDAV.framework/Versions/A/CoreDAV
0x00000001a45b6000 	/System/Library/PrivateFrameworks/CalDAV.framework/Versions/A/CalDAV
0x00000001af608000 	/System/Library/PrivateFrameworks/TelephonyUtilities.framework/Versions/A/TelephonyUtilities
0x000000022dd10000 	/System/Library/Frameworks/LiveCommunicationKit.framework/Versions/A/LiveCommunicationKit
0x000000023dc3c000 	/System/Library/PrivateFrameworks/CommunicationTrust.framework/Versions/A/CommunicationTrust
0x00000001b3fc8000 	/System/Library/Frameworks/CallKit.framework/Versions/A/CallKit
0x000000019ebee000 	/System/Library/PrivateFrameworks/CommunicationsFilter.framework/Versions/A/CommunicationsFilter
0x00000001dec09000 	/System/Library/PrivateFrameworks/IMTransferServices.framework/Versions/A/IMTransferServices
0x00000001b246e000 	/System/Library/PrivateFrameworks/IncomingCallFilter.framework/Versions/A/IncomingCallFilter
0x0000000261aca000 	/System/Library/PrivateFrameworks/NeighborhoodActivityConduit.framework/Versions/A/NeighborhoodActivityConduit
0x00000001b6563000 	/System/Library/PrivateFrameworks/CallHistory.framework/Versions/A/CallHistory
0x0000000287bee000 	/usr/lib/libBASupport.dylib
0x000000023c60d000 	/System/Library/PrivateFrameworks/CallsUtilities.framework/Versions/A/CallsUtilities
0x000000023c619000 	/System/Library/PrivateFrameworks/CallsXPC.framework/Versions/A/CallsXPC
0x00000001ea6d0000 	/usr/lib/swift/libswiftCallKit.dylib
0x000000023c5ff000 	/System/Library/PrivateFrameworks/CallsPersistence.framework/Versions/A/CallsPersistence
0x0000000231923000 	/System/Library/Frameworks/SensitiveContentAnalysis.framework/Versions/A/SensitiveContentAnalysis
0x00000001b75d3000 	/System/Library/PrivateFrameworks/PeopleSuggester.framework/Versions/A/PeopleSuggester
0x00000001c0d0d000 	/System/Library/PrivateFrameworks/SpotlightReceiver.framework/Versions/A/SpotlightReceiver
0x00000002823b1000 	/System/Library/PrivateFrameworks/_AppIntentsServices_AppIntents.framework/Versions/A/_AppIntentsServices_AppIntents
0x000000023742a000 	/System/Library/PrivateFrameworks/AppIntentsServices.framework/Versions/A/AppIntentsServices
0x00000001a39df000 	/System/Library/PrivateFrameworks/CoreRecents.framework/Versions/A/CoreRecents
0x0000000233e12000 	/System/Library/Frameworks/_GeoToolbox_AppIntents.framework/Versions/A/_GeoToolbox_AppIntents
0x00000001d436e000 	/System/Library/PrivateFrameworks/DiagnosticRequest.framework/Versions/A/DiagnosticRequest
0x00000002693fe000 	/System/Library/PrivateFrameworks/RegulatoryDomain.framework/Versions/A/RegulatoryDomain
0x000000019dc8b000 	/usr/lib/libCTGreenTeaLogger.dylib
0x0000000258927000 	/System/Library/PrivateFrameworks/LocalStatusKit.framework/Versions/A/LocalStatusKit
0x00000001af4ef000 	/System/Library/PrivateFrameworks/CoreParsec.framework/Versions/A/CoreParsec
0x00000001ca524000 	/System/Library/PrivateFrameworks/EmailAddressing.framework/Versions/A/EmailAddressing
0x00000001c630e000 	/System/Library/PrivateFrameworks/EmailCore.framework/Versions/A/EmailCore
0x00000001c73ff000 	/System/Library/PrivateFrameworks/EmailFoundation.framework/Versions/A/EmailFoundation
0x00000002645d3000 	/System/Library/PrivateFrameworks/PegasusAPI.framework/Versions/A/PegasusAPI
0x000000026538f000 	/System/Library/PrivateFrameworks/PegasusConfiguration.framework/Versions/A/PegasusConfiguration
0x0000000279c7c000 	/System/Library/PrivateFrameworks/ToolKit.framework/Versions/A/ToolKit
0x0000000269be5000 	/System/Library/PrivateFrameworks/ReplicatorEngine.framework/Versions/A/ReplicatorEngine
0x0000000269da0000 	/System/Library/PrivateFrameworks/ReplicatorServices.framework/Versions/A/ReplicatorServices
0x0000000276916000 	/System/Library/PrivateFrameworks/SystemWake.framework/Versions/A/SystemWake
0x00000001b419f000 	/System/Library/PrivateFrameworks/ContextKit.framework/Versions/A/ContextKit
0x000000023e1d8000 	/System/Library/PrivateFrameworks/ContextKitCore.framework/Versions/A/ContextKitCore
0x00000001b2704000 	/System/Library/Frameworks/LocalAuthentication.framework/Support/DaemonUtils.framework/Versions/A/DaemonUtils
0x0000000258889000 	/System/Library/PrivateFrameworks/LocalAuthenticationCoreUI.framework/Versions/A/LocalAuthenticationCoreUI
0x00000001b5b77000 	/System/Library/PrivateFrameworks/BridgeXPC.framework/Versions/A/BridgeXPC
0x00000001b33d0000 	/System/Library/PrivateFrameworks/CoreKDL.framework/Versions/A/CoreKDL
0x00000001b19fb000 	/System/Library/PrivateFrameworks/EmbeddedOSSupportHost.framework/Versions/A/EmbeddedOSSupportHost
0x00000001a65b6000 	/System/Library/PrivateFrameworks/LoginUIKit.framework/Versions/A/LoginUIKit
0x00000001c2486000 	/System/Library/PrivateFrameworks/StorageKit.framework/Versions/A/StorageKit
0x0000000229262000 	/System/Library/Frameworks/DeviceCheck.framework/Versions/A/DeviceCheck
0x0000000244fbd000 	/System/Library/PrivateFrameworks/DiskImages2.framework/Versions/A/DiskImages2
0x00000001c2500000 	/System/Library/PrivateFrameworks/CoreWLANKit.framework/Versions/A/CoreWLANKit
0x000000027f97a000 	/System/Library/PrivateFrameworks/Wallpaper.framework/Versions/A/Wallpaper
0x0000000289728000 	/usr/lib/swift/libswiftGLKit.dylib
0x0000000289734000 	/usr/lib/swift/libswiftMetalKit.dylib
0x0000000289736000 	/usr/lib/swift/libswiftModelIO.dylib
0x00000002897f9000 	/usr/lib/swift/libswiftSceneKit.dylib
0x00000001cb4a9000 	/System/Library/PrivateFrameworks/DynamicDesktop.framework/Versions/A/DynamicDesktop
0x000000027fb0d000 	/System/Library/PrivateFrameworks/WallpaperFoundation.framework/Versions/A/WallpaperFoundation
0x000000027fb6c000 	/System/Library/PrivateFrameworks/WallpaperTypes.framework/Versions/A/WallpaperTypes
0x00000001e09fc000 	/System/Library/PrivateFrameworks/SystemDesktopAppearance.framework/Versions/A/SystemDesktopAppearance
0x00000002854b6000 	/System/Library/PrivateFrameworks/icloudMCCKit.framework/Versions/A/icloudMCCKit
0x0000000238721000 	/System/Library/PrivateFrameworks/AppleAccountUI.framework/Versions/A/AppleAccountUI
0x00000001d4995000 	/System/Library/PrivateFrameworks/PreferencePanesSupport.framework/Versions/A/PreferencePanesSupport
0x00000001ba35c000 	/System/Library/PrivateFrameworks/FindMyDeviceUI.framework/Versions/A/FindMyDeviceUI
0x0000000283092000 	/System/Library/PrivateFrameworks/iCloudQuotaUI.framework/Versions/A/iCloudQuotaUI
0x00000001d4b46000 	/System/Library/PrivateFrameworks/CoreCDPUI.framework/Versions/A/CoreCDPUI
0x00000001b3ef8000 	/System/Library/PrivateFrameworks/CoreFollowUpUI.framework/Versions/A/CoreFollowUpUI
0x00000001c0f91000 	/System/Library/PrivateFrameworks/IMCore.framework/Versions/A/IMCore
0x00000001a9149000 	/System/Library/PrivateFrameworks/CoreCDP.framework/Versions/A/CoreCDP
0x00000001a4f8a000 	/System/Library/PrivateFrameworks/AskPermission.framework/Versions/A/AskPermission
0x00000001b7cf2000 	/System/Library/Frameworks/Quartz.framework/Versions/A/Quartz
0x00000001c49e8000 	/System/Library/PrivateFrameworks/CloudPhotoServicesConfiguration.framework/Versions/A/CloudPhotoServicesConfiguration
0x00000001b6383000 	/System/Library/PrivateFrameworks/CommerceKit.framework/Versions/A/CommerceKit
0x00000001c63e0000 	/System/Library/PrivateFrameworks/FindMyMac.framework/Versions/A/FindMyMac
0x00000001c62b0000 	/System/Library/Frameworks/PreferencePanes.framework/Versions/A/PreferencePanes
0x00000001b97a4000 	/System/Library/Frameworks/AddressBook.framework/Versions/A/AddressBook
0x00000001a3e25000 	/System/Library/PrivateFrameworks/AOSAccounts.framework/Versions/A/AOSAccounts
0x000000019df93000 	/System/Library/PrivateFrameworks/AppleSRP.framework/Versions/A/AppleSRP
0x00000001a2952000 	/System/Library/PrivateFrameworks/NetFSServer.framework/Versions/A/NetFSServer
0x00000001b5104000 	/System/Library/Frameworks/PDFKit.framework/Versions/A/PDFKit
0x000000028974c000 	/usr/lib/swift/libswiftPassKit.dylib
0x00000001d8bda000 	/System/Library/Frameworks/PassKit.framework/Versions/A/PassKit
0x00000001a66c3000 	/System/Library/PrivateFrameworks/PassKitCore.framework/Versions/A/PassKitCore
0x0000000263eed000 	/System/Library/PrivateFrameworks/PassKitMacHelperTemp.framework/Versions/A/PassKitMacHelperTemp
0x0000000287b49000 	/usr/lib/libAppleSSE.dylib
0x00000001b274c000 	/System/Library/PrivateFrameworks/BiometricKit.framework/Versions/A/BiometricKit
0x000000026a3fe000 	/System/Library/PrivateFrameworks/SEService.framework/Versions/A/SEService
0x000000022cb63000 	/System/Library/Frameworks/FinanceKit.framework/Versions/A/FinanceKit
0x00000001b7d9e000 	/System/Library/PrivateFrameworks/NearField.framework/Versions/A/NearField
0x000000026a375000 	/System/Library/PrivateFrameworks/SESShared.framework/Versions/A/SESShared
0x000000026a667000 	/System/Library/PrivateFrameworks/STSXPCHelperClient.framework/Versions/A/STSXPCHelperClient
0x00000001b9bbd000 	/usr/lib/libnfshared.dylib
0x0000000276696000 	/System/Library/PrivateFrameworks/Symptoms.framework/Versions/A/Frameworks/SymptomPresentationFeed.framework/Versions/A/SymptomPresentationFeed
0x00000002391f3000 	/System/Library/PrivateFrameworks/AppleMediaServicesKitInternal.framework/Versions/A/AppleMediaServicesKitInternal
0x00000002763d2000 	/System/Library/PrivateFrameworks/SymptomShared.framework/Versions/A/SymptomShared
0x00000001dba97000 	/System/Library/PrivateFrameworks/PassKitUIFoundation.framework/Versions/A/PassKitUIFoundation
0x000000019d8b7000 	/System/Library/Frameworks/MapKit.framework/Versions/A/MapKit
0x00000002500e6000 	/System/Library/PrivateFrameworks/GeoAnalytics.framework/Versions/A/GeoAnalytics
0x00000001b9beb000 	/System/Library/PrivateFrameworks/Navigation.framework/Versions/A/Navigation
0x00000001c3a69000 	/System/Library/PrivateFrameworks/VectorKit.framework/Versions/A/VectorKit
0x00000001aab88000 	/System/Library/PrivateFrameworks/VirtualGarage.framework/Versions/A/VirtualGarage
0x00000001b9de8000 	/System/Library/Frameworks/ExternalAccessory.framework/ExternalAccessory
0x00000001b9e03000 	/System/Library/PrivateFrameworks/IAP.framework/Versions/A/IAP
0x000000019db79000 	/System/Library/PrivateFrameworks/IOPlatformPluginFamily.framework/Versions/A/IOPlatformPluginFamily
0x000000023a5af000 	/System/Library/PrivateFrameworks/AvatarKit.framework/Versions/A/AvatarKit
0x000000023a66e000 	/System/Library/PrivateFrameworks/AvatarPersistence.framework/Versions/A/AvatarPersistence
0x0000000233283000 	/System/Library/Frameworks/TipKit.framework/Versions/A/TipKit
0x00000001a6187000 	/System/Library/PrivateFrameworks/IMSharedUtilities.framework/Versions/A/IMSharedUtilities
0x00000002896ed000 	/usr/lib/swift/libswiftAppleArchive.dylib
0x000000027c5ae000 	/System/Library/PrivateFrameworks/VFX.framework/Versions/A/VFX
0x00000001d6798000 	/System/Library/PrivateFrameworks/AppleCVA.framework/Versions/A/AppleCVA
0x000000023a66d000 	/System/Library/PrivateFrameworks/AvatarKitContent.framework/Versions/A/AvatarKitContent
0x000000022eab9000 	/System/Library/Frameworks/MetalFX.framework/Versions/A/MetalFX
0x000000023dd53000 	/System/Library/PrivateFrameworks/CompositorNonUI.framework/Versions/A/CompositorNonUI
0x000000022add8000 	/System/Library/Frameworks/ARKit.framework/Versions/A/ARKit
0x0000000235a81000 	/System/Library/PrivateFrameworks/ARKitCore.framework/Versions/A/ARKitCore
0x0000000287c3a000 	/usr/lib/libDisplayWarpSupport.dylib
0x0000000240023000 	/System/Library/PrivateFrameworks/CoreComposite.framework/Versions/A/CoreComposite
0x00000002886d1000 	/usr/lib/libchannel.dylib
0x0000000289347000 	/usr/lib/librealtime_safety.dylib
0x0000000235b0d000 	/System/Library/PrivateFrameworks/ARKitFoundation.framework/Versions/A/ARKitFoundation
0x00000002387bd000 	/System/Library/PrivateFrameworks/AppleDepth.framework/Versions/A/AppleDepth
0x000000023893a000 	/System/Library/PrivateFrameworks/AppleDepthCore.framework/Versions/A/AppleDepthCore
0x000000019dcb3000 	/System/Library/PrivateFrameworks/CoreAppleCVA.framework/Versions/A/CoreAppleCVA
0x00000001aacba000 	/System/Library/PrivateFrameworks/ContactsUICore.framework/Versions/A/ContactsUICore
0x00000001b2579000 	/System/Library/PrivateFrameworks/ContactsDonation.framework/Versions/A/ContactsDonation
0x00000001b1e36000 	/System/Library/PrivateFrameworks/DataDetectors.framework/Versions/A/DataDetectors
0x00000001a45a2000 	/System/Library/Frameworks/MediaLibrary.framework/Versions/A/MediaLibrary
0x000000019ebdd000 	/System/Library/PrivateFrameworks/PersonaKit.framework/Versions/A/PersonaKit
0x00000001aaca7000 	/System/Library/PrivateFrameworks/PersonaUI.framework/Versions/A/PersonaUI
0x00000001c5cc6000 	/System/Library/PrivateFrameworks/Transparency.framework/Versions/A/Transparency
0x0000000246b17000 	/System/Library/PrivateFrameworks/FindMyLocate.framework/Versions/A/FindMyLocate
0x00000001b3e76000 	/System/Library/PrivateFrameworks/IntlPreferences.framework/Versions/A/IntlPreferences
0x000000024407a000 	/System/Library/PrivateFrameworks/CoreTransparency.framework/Versions/A/CoreTransparency
0x00000002469eb000 	/System/Library/PrivateFrameworks/FindMyCommon.framework/Versions/A/FindMyCommon
0x00000002467be000 	/System/Library/PrivateFrameworks/FindMyBase.framework/Versions/A/FindMyBase
0x000000023054e000 	/System/Library/Frameworks/NearbyInteraction.framework/Versions/A/NearbyInteraction
0x000000019e7ce000 	/System/Library/PrivateFrameworks/AddressBookCore.framework/Versions/A/AddressBookCore
0x00000001b9941000 	/System/Library/PrivateFrameworks/ToneKit.framework/Versions/A/ToneKit
0x00000001b3ebd000 	/System/Library/PrivateFrameworks/ToneLibrary.framework/Versions/A/ToneLibrary
0x000000023e05a000 	/System/Library/PrivateFrameworks/ContactsAccounts.framework/Versions/A/ContactsAccounts
0x00000001b7c09000 	/System/Library/PrivateFrameworks/Lookup.framework/Versions/A/Lookup
0x0000000230e6f000 	/System/Library/Frameworks/QuickLookUI.framework/Versions/A/QuickLookUI
0x000000023189c000 	/System/Library/Frameworks/ScreenCaptureKit.framework/Versions/A/ScreenCaptureKit
0x00000001b4c23000 	/System/Library/Frameworks/Quartz.framework/Versions/A/Frameworks/QuartzComposer.framework/Versions/A/QuartzComposer
0x00000001b3e4d000 	/System/Library/Frameworks/Quartz.framework/Versions/A/Frameworks/QuartzFilters.framework/Versions/A/QuartzFilters
0x00000001b2ed4000 	/System/Library/Frameworks/Quartz.framework/Versions/A/Frameworks/ImageKit.framework/Versions/A/ImageKit
0x000000022abd9000 	/System/Library/Frameworks/OpenCL.framework/Versions/A/OpenCL
0x00000001b13d5000 	/System/Library/PrivateFrameworks/CorePDF.framework/Versions/A/CorePDF
0x000000019b826000 	/System/Library/Frameworks/QuickLook.framework/Versions/A/QuickLook
0x00000001a65b1000 	/System/Library/PrivateFrameworks/DisplayServices.framework/Versions/A/DisplayServices
0x00000001b3dd1000 	/System/Library/Frameworks/ImageCaptureCore.framework/Versions/A/ImageCaptureCore
0x000000027e4bd000 	/System/Library/PrivateFrameworks/VisionKitCore.framework/Versions/A/VisionKitCore
0x00000001af4bf000 	/System/Library/PrivateFrameworks/QuickLookSupport.framework/Versions/A/QuickLookSupport
0x000000025d1ec000 	/System/Library/PrivateFrameworks/MediaAnalysisServices.framework/Versions/A/MediaAnalysisServices
0x00000001b6b96000 	/System/Library/PrivateFrameworks/PhotoLibraryServices.framework/Versions/A/PhotoLibraryServices
0x00000001b39e2000 	/System/Library/Frameworks/Photos.framework/Versions/A/Photos
0x00000001c87d2000 	/System/Library/PrivateFrameworks/PhotosFormats.framework/Versions/A/PhotosFormats
0x000000027d607000 	/System/Library/PrivateFrameworks/VectorSearch.framework/Versions/A/VectorSearch
0x00000001c4a14000 	/System/Library/PrivateFrameworks/CloudPhotoLibrary.framework/Versions/A/CloudPhotoLibrary
0x00000001ce255000 	/System/Library/PrivateFrameworks/CloudPhotoServices.framework/Versions/A/CloudPhotoServices
0x00000001ca6a6000 	/System/Library/PrivateFrameworks/CoreMediaStream.framework/Versions/A/CoreMediaStream
0x000000019f2a7000 	/System/Library/PrivateFrameworks/CPAnalytics.framework/Versions/A/CPAnalytics
0x00000001c6a3c000 	/System/Library/PrivateFrameworks/MediaConversionService.framework/Versions/A/MediaConversionService
0x00000001a6173000 	/System/Library/PrivateFrameworks/PhotoFoundation.framework/Versions/A/PhotoFoundation
0x00000002659ba000 	/System/Library/PrivateFrameworks/PhotoLibraryServicesCore.framework/Versions/A/PhotoLibraryServicesCore
0x00000001c0678000 	/System/Library/PrivateFrameworks/MMCS.framework/Versions/A/MMCS
0x00000001a43fd000 	/System/Library/PrivateFrameworks/ChunkingLibrary.framework/Versions/A/ChunkingLibrary
0x000000019df60000 	/System/Library/PrivateFrameworks/AssetCacheServices.framework/Versions/A/AssetCacheServices
0x000000019ff4f000 	/System/Library/PrivateFrameworks/AVFoundationCF.framework/Versions/A/AVFoundationCF
0x00000001deb00000 	/usr/lib/swift/libswiftDemangle.dylib
0x00000002535ab000 	/System/Library/PrivateFrameworks/ImageCaptureDevices.framework/Versions/A/ImageCaptureDevices
0x00000001b20fb000 	/System/Library/PrivateFrameworks/MediaStream.framework/Versions/A/MediaStream
0x00000001c6f2a000 	/System/Library/PrivateFrameworks/NeutrinoCore.framework/Versions/A/NeutrinoCore
0x000000018d1ee000 	/System/Library/PrivateFrameworks/NLP.framework/Versions/A/NLP
0x00000001ccfaa000 	/System/Library/PrivateFrameworks/PhotoImaging.framework/Versions/A/PhotoImaging
0x00000001ce216000 	/System/Library/PrivateFrameworks/PhotosImagingFoundation.framework/Versions/A/PhotosImagingFoundation
0x0000000266567000 	/System/Library/PrivateFrameworks/PhotosIntelligenceCore.framework/Versions/A/PhotosIntelligenceCore
0x00000001a03e6000 	/System/Library/PrivateFrameworks/EmbeddedAcousticRecognition.framework/Versions/A/EmbeddedAcousticRecognition
0x00000001bbb74000 	/System/Library/PrivateFrameworks/EmojiFoundation.framework/Versions/A/EmojiFoundation
0x00000001c4c8d000 	/System/Library/PrivateFrameworks/SDAPI.framework/Versions/A/SDAPI
0x0000000257335000 	/System/Library/PrivateFrameworks/IsolatedContextLogging.framework/Versions/A/IsolatedContextLogging
0x00000001ce264000 	/System/Library/PrivateFrameworks/AutoLoop.framework/Versions/A/AutoLoop
0x000000026718d000 	/System/Library/PrivateFrameworks/Portrait.framework/Versions/A/Portrait
0x000000024723c000 	/System/Library/PrivateFrameworks/FusionTracker.framework/Versions/A/FusionTracker
0x00000001b46a6000 	/System/Library/PrivateFrameworks/iTunesCloud.framework/Versions/A/iTunesCloud
0x00000001bda95000 	/System/Library/PrivateFrameworks/DAAPKit.framework/Versions/A/DAAPKit
0x00000001af858000 	/System/Library/PrivateFrameworks/DeviceManagement.framework/Versions/A/DeviceManagement
0x00000001d42c0000 	/System/Library/PrivateFrameworks/ScreenTimeUI.framework/Versions/A/ScreenTimeUI
0x00000001b1e30000 	/System/Library/PrivateFrameworks/QuickLookNonBaseSystem.framework/Versions/A/QuickLookNonBaseSystem
0x00000001b264f000 	/System/Library/PrivateFrameworks/Catalyst.framework/Versions/A/Catalyst
0x00000001b4070000 	/System/Library/PrivateFrameworks/ScreenTimeCore.framework/Versions/A/ScreenTimeCore
0x00000001c7c29000 	/System/Library/PrivateFrameworks/ScreenTimeServiceUI.framework/Versions/A/ScreenTimeServiceUI
0x00000001c080a000 	/System/Library/PrivateFrameworks/ConfigurationEngineModel.framework/Versions/A/ConfigurationEngineModel
0x00000001c3a23000 	/System/Library/PrivateFrameworks/UsageTracking.framework/Versions/A/UsageTracking
0x000000022c7b0000 	/System/Library/Frameworks/DeviceActivity.framework/Versions/A/DeviceActivity
0x00000001c39f2000 	/System/Library/PrivateFrameworks/KnowledgeMonitor.framework/Versions/A/KnowledgeMonitor
0x00000001dba3d000 	/System/Library/PrivateFrameworks/BluetoothManager.framework/Versions/A/BluetoothManager
0x000000022de47000 	/System/Library/Frameworks/ManagedSettings.framework/Versions/A/ManagedSettings
0x000000025c93f000 	/System/Library/PrivateFrameworks/ManagedSettingsSupport.framework/Versions/A/ManagedSettingsSupport
0x00000001d8cab000 	/System/Library/Frameworks/ReplayKit.framework/Versions/A/ReplayKit
0x00000001a75cb000 	/System/Library/PrivateFrameworks/MarkupUI.framework/Versions/A/MarkupUI
0x00000001b1e07000 	/System/Library/PrivateFrameworks/SidecarCore.framework/Versions/A/SidecarCore
0x00000001b4ad7000 	/System/Library/PrivateFrameworks/AnnotationKit.framework/Versions/A/AnnotationKit
0x00000001b3107000 	/System/Library/Frameworks/PencilKit.framework/Versions/A/PencilKit
0x00000001b32cb000 	/System/Library/PrivateFrameworks/SidecarUI.framework/Versions/A/SidecarUI
0x00000001b2a72000 	/System/Library/PrivateFrameworks/CoreHandwriting.framework/Versions/A/CoreHandwriting
0x0000000186ddf000 	/usr/lib/libmecabra.dylib
0x00000001ab2b4000 	/System/Library/PrivateFrameworks/Calculate.framework/Versions/A/Calculate
0x0000000196c16000 	/usr/lib/libChineseTokenizer.dylib
0x00000001ea48a000 	/System/Library/PrivateFrameworks/ScreenReaderCore.framework/Versions/A/ScreenReaderCore
0x0000000275753000 	/System/Library/PrivateFrameworks/StocksKit.framework/Versions/A/StocksKit
0x00000001aa261000 	/System/Library/PrivateFrameworks/OAuth.framework/Versions/A/OAuth
0x0000000275449000 	/System/Library/PrivateFrameworks/StocksCore.framework/Versions/A/StocksCore
0x0000000276c26000 	/System/Library/PrivateFrameworks/TeaFoundation.framework/Versions/A/TeaFoundation
0x0000000276e0d000 	/System/Library/PrivateFrameworks/TeaSettings.framework/Versions/A/TeaSettings
0x00000001e0219000 	/System/Library/PrivateFrameworks/NewsCore.framework/Versions/A/NewsCore
0x0000000276bc3000 	/System/Library/PrivateFrameworks/TeaDB.framework/Versions/A/TeaDB
0x00000001dcbaf000 	/System/Library/PrivateFrameworks/RemoteConfiguration.framework/Versions/A/RemoteConfiguration
0x00000001dfe02000 	/System/Library/PrivateFrameworks/NewsTransport.framework/Versions/A/NewsTransport
0x00000001e0209000 	/System/Library/PrivateFrameworks/NewsFoundation.framework/Versions/A/NewsFoundation
0x00000002620cb000 	/System/Library/PrivateFrameworks/NewsURLBucket.framework/Versions/A/NewsURLBucket
0x00000001b6795000 	/System/Library/PrivateFrameworks/MobileInstallation.framework/Versions/A/MobileInstallation
0x00000002333ec000 	/System/Library/Frameworks/Translation.framework/Versions/A/Translation
0x00000001cfc39000 	/System/Library/PrivateFrameworks/RevealCore.framework/Versions/A/RevealCore
0x00000001cfc2d000 	/System/Library/PrivateFrameworks/Reveal.framework/Versions/A/Reveal
0x00000001c78d4000 	/System/Library/Frameworks/Speech.framework/Versions/A/Speech
0x00000002348d6000 	/System/Library/PrivateFrameworks/AIMLExperimentationAnalytics.framework/Versions/A/AIMLExperimentationAnalytics
0x0000000236d51000 	/System/Library/PrivateFrameworks/AlgorithmsInternal.framework/Versions/A/AlgorithmsInternal
0x000000027a581000 	/System/Library/PrivateFrameworks/TranslationUIServices.framework/Versions/A/TranslationUIServices
0x00000002792d5000 	/System/Library/PrivateFrameworks/TipKitCore.framework/Versions/A/TipKitCore
0x00000001bbbf9000 	/System/Library/PrivateFrameworks/CoreCDPInternal.framework/Versions/A/CoreCDPInternal
0x0000000253d94000 	/System/Library/PrivateFrameworks/InputAnalytics.framework/Versions/A/InputAnalytics
0x00000001c187e000 	/System/Library/Frameworks/InstantMessage.framework/Versions/A/InstantMessage
0x00000001b96af000 	/System/Library/PrivateFrameworks/IDSKVStore.framework/Versions/A/IDSKVStore
0x00000001b9361000 	/System/Library/PrivateFrameworks/IMDPersistence.framework/Versions/A/IMDPersistence
0x000000027c4a8000 	/System/Library/PrivateFrameworks/UserSafety.framework/Versions/A/UserSafety
0x00000001dab3c000 	/System/Library/PrivateFrameworks/BlastDoor.framework/Versions/A/BlastDoor
0x000000025849c000 	/System/Library/PrivateFrameworks/LinkPresentationStyleSheetParsing.framework/Versions/A/LinkPresentationStyleSheetParsing
0x000000026734e000 	/System/Library/PrivateFrameworks/PosterFoundation.framework/Versions/A/PosterFoundation
0x00000002673db000 	/System/Library/PrivateFrameworks/PosterModel.framework/Versions/A/PosterModel
0x00000002673b6000 	/System/Library/PrivateFrameworks/PosterFuturesKit.framework/Versions/A/PosterFuturesKit
0x0000000246595000 	/System/Library/PrivateFrameworks/FeedbackService.framework/Versions/A/FeedbackService
0x00000001b24cd000 	/System/Library/PrivateFrameworks/CoreSDB.framework/Versions/A/CoreSDB
0x0000000239d2e000 	/System/Library/PrivateFrameworks/AskToCore.framework/Versions/A/AskToCore
0x00000001d4b43000 	/System/Library/PrivateFrameworks/MachineSettings.framework/Versions/A/MachineSettings
0x00000001c6229000 	/System/Library/PrivateFrameworks/BezelServices.framework/Versions/A/BezelServices
0x00000001bdb20000 	/System/Library/PrivateFrameworks/SPOwner.framework/Versions/A/SPOwner
0x00000001b63e8000 	/System/Library/PrivateFrameworks/FMCore.framework/Versions/A/FMCore
0x0000000282fe4000 	/System/Library/PrivateFrameworks/iCloudQuota.framework/Versions/A/iCloudQuota
0x00000001aac24000 	/System/Library/PrivateFrameworks/CoreRecognition.framework/Versions/A/CoreRecognition
0x00000001c62e9000 	/System/Library/PrivateFrameworks/InAppMessages.framework/Versions/A/InAppMessages
0x00000001e903b000 	/System/Library/PrivateFrameworks/JetUI.framework/Versions/A/JetUI
0x0000000257694000 	/System/Library/PrivateFrameworks/JetPack.framework/Versions/A/JetPack
0x00000001c62e0000 	/System/Library/PrivateFrameworks/InAppMessagesCore.framework/Versions/A/InAppMessagesCore
0x0000000282401000 	/System/Library/PrivateFrameworks/_JetEngine_SwiftUI.framework/Versions/A/_JetEngine_SwiftUI
0x00000002766bf000 	/System/Library/PrivateFrameworks/Synapse.framework/Versions/A/Synapse
0x000000023bf57000 	/System/Library/PrivateFrameworks/CSExattrCrypto.framework/Versions/A/CSExattrCrypto
0x00000001b7900000 	/System/Library/PrivateFrameworks/StoreFoundation.framework/Versions/A/StoreFoundation
0x00000001b63e2000 	/System/Library/PrivateFrameworks/ServerInformation.framework/Versions/A/ServerInformation
0x00000001b5dfa000 	/System/Library/PrivateFrameworks/Install.framework/Frameworks/DistributionKit.framework/Versions/A/DistributionKit
0x00000001af293000 	/System/Library/PrivateFrameworks/PackageKit.framework/Versions/A/PackageKit
0x00000001b5e1d000 	/System/Library/PrivateFrameworks/OSPersonalization.framework/Versions/A/OSPersonalization
0x00000001b7e66000 	/System/Library/PrivateFrameworks/BridgeOSSoftwareUpdate.framework/Versions/A/BridgeOSSoftwareUpdate
0x00000001b2971000 	/System/Library/PrivateFrameworks/StorageManagement.framework/Versions/A/StorageManagement
0x00000001c7758000 	/usr/lib/libauthinstall.dylib
0x00000001b7e6f000 	/System/Library/PrivateFrameworks/InstallerDiagnostics.framework/Versions/A/InstallerDiagnostics
0x00000001c7e11000 	/usr/lib/libcrypto.42.dylib
0x0000000289c28000 	/usr/lib/updaters/libAppleTconUARPUpdater.dylib
0x0000000289dbd000 	/usr/lib/updaters/libT200Updater.dylib
0x00000001b7e54000 	/System/Library/PrivateFrameworks/GPUInfo.framework/Versions/A/GPUInfo
0x00000001c63e6000 	/System/Library/PrivateFrameworks/MobileActivationMacOS.framework/Versions/A/MobileActivationMacOS
0x00000001aa1a6000 	/System/Library/PrivateFrameworks/AccountsDaemon.framework/Versions/A/AccountsDaemon
0x00000001b7eb2000 	/System/Library/PrivateFrameworks/AOSKit.framework/Versions/A/AOSKit
0x0000000196d45000 	/System/Library/PrivateFrameworks/AppSSOCore.framework/Versions/A/AppSSOCore
0x000000023a708000 	/System/Library/PrivateFrameworks/BackgroundSystemTasks.framework/Versions/A/BackgroundSystemTasks
0x00000001a298c000 	/System/Library/PrivateFrameworks/DuetActivityScheduler.framework/Versions/A/DuetActivityScheduler
0x00000001c493f000 	/System/Library/PrivateFrameworks/NetworkServiceProxy.framework/Versions/A/NetworkServiceProxy
0x000000019dbed000 	/usr/lib/libnetworkextension.dylib
0x00000002763e2000 	/System/Library/PrivateFrameworks/Symptoms.framework/Versions/A/Frameworks/SymptomAnalytics.framework/Versions/A/SymptomAnalytics
0x000000019a755000 	/System/Library/Frameworks/NetworkExtension.framework/Versions/A/NetworkExtension
0x00000001a10ac000 	/System/Library/PrivateFrameworks/CoreDuetContext.framework/Versions/A/CoreDuetContext
0x000000018b846000 	/System/Library/PrivateFrameworks/CoreDuet.framework/Versions/A/CoreDuet
0x00000001a5ead000 	/System/Library/PrivateFrameworks/AssistantServices.framework/Versions/A/AssistantServices
0x00000001a0092000 	/System/Library/PrivateFrameworks/SAObjects.framework/Versions/A/SAObjects
0x00000001a5a98000 	/System/Library/PrivateFrameworks/MediaRemote.framework/Versions/A/MediaRemote
0x0000000272c71000 	/System/Library/PrivateFrameworks/SiriTTSService.framework/Versions/A/SiriTTSService
0x000000026d36e000 	/System/Library/PrivateFrameworks/SiriCrossDeviceArbitration.framework/Versions/A/SiriCrossDeviceArbitration
0x0000000246120000 	/System/Library/PrivateFrameworks/FaceTimeNameUtility.framework/Versions/A/FaceTimeNameUtility
0x000000026d3c2000 	/System/Library/PrivateFrameworks/SiriCrossDeviceArbitrationFeedback.framework/Versions/A/SiriCrossDeviceArbitrationFeedback
0x00000001c6c6e000 	/System/Library/PrivateFrameworks/UIKitServices.framework/Versions/A/UIKitServices
0x00000001aaa34000 	/System/Library/PrivateFrameworks/MediaServices.framework/Versions/A/MediaServices
0x000000019718f000 	/System/Library/PrivateFrameworks/PersistentConnection.framework/Versions/A/PersistentConnection
0x0000000274568000 	/System/Library/PrivateFrameworks/SonicFoundation.framework/Versions/A/SonicFoundation
0x00000001ba3af000 	/usr/lib/libtailspin.dylib
0x00000001ce376000 	/System/Library/PrivateFrameworks/Osprey.framework/Versions/A/Osprey
0x00000002722f1000 	/System/Library/PrivateFrameworks/SiriTTS.framework/Versions/A/SiriTTS
0x0000000270eb1000 	/System/Library/PrivateFrameworks/SiriPowerInstrumentation.framework/Versions/A/SiriPowerInstrumentation
0x0000000276bc1000 	/System/Library/PrivateFrameworks/TailspinSymbolication.framework/Versions/A/TailspinSymbolication
0x000000024448c000 	/System/Library/PrivateFrameworks/Darwinup.framework/Versions/A/Darwinup
0x00000001c6a77000 	/System/Library/PrivateFrameworks/SignpostSupport.framework/Versions/A/SignpostSupport
0x00000001b245a000 	/System/Library/PrivateFrameworks/FeatureFlagsSupport.framework/Versions/A/FeatureFlagsSupport
0x00000001c6137000 	/System/Library/PrivateFrameworks/ktrace.framework/Versions/A/ktrace
0x00000001c6ca6000 	/System/Library/PrivateFrameworks/SampleAnalysis.framework/Versions/A/SampleAnalysis
0x00000001cfc07000 	/System/Library/PrivateFrameworks/kperfdata.framework/Versions/A/kperfdata
0x000000019b964000 	/usr/lib/libdscsym.dylib
0x00000001d00d8000 	/System/Library/PrivateFrameworks/BulkSymbolication.framework/Versions/A/BulkSymbolication
0x00000001a3ada000 	/System/Library/PrivateFrameworks/CoreDuetDaemonProtocol.framework/Versions/A/CoreDuetDaemonProtocol
0x00000001b7782000 	/System/Library/PrivateFrameworks/CaptiveNetwork.framework/Versions/A/CaptiveNetwork
0x00000001a1ed7000 	/System/Library/PrivateFrameworks/EAP8021X.framework/Versions/A/EAP8021X
0x0000000244252000 	/System/Library/PrivateFrameworks/CryptoKitPrivate.framework/Versions/A/CryptoKitPrivate
0x00000001b1a2b000 	/System/Library/PrivateFrameworks/FindMyDevice.framework/Versions/A/FindMyDevice
0x00000001a66a2000 	/System/Library/PrivateFrameworks/FMCoreLite.framework/Versions/A/FMCoreLite
0x0000000194848000 	/System/Library/Frameworks/ServiceManagement.framework/Versions/A/ServiceManagement
0x000000013dbcc000 	/System/Library/Extensions/AGXMetalG13X.bundle/Contents/MacOS/AGXMetalG13X
0x00000001aa8ce000 	/System/Library/PrivateFrameworks/IOGPU.framework/Versions/A/IOGPU
0x000000013fa38000 	/Users/joeroskopf/.skiko/skiko-macos-arm64-f7676395835316696f9b2a762705c307cbdd703545a02fc1b1154a13df96fb64/libskiko-macos-arm64.dylib
0x000000012bf94000 	/Users/joeroskopf/.sdkman/candidates/java/21.0.2-amzn/lib/libosxui.dylib
0x000000013db54000 	/Users/joeroskopf/.sdkman/candidates/java/21.0.2-amzn/lib/libjawt.dylib
0x000000013eb40000 	/private/var/folders/tn/2nfw05pj3193kx9csf2mt9hm0000gn/T/sqlite-3.51.0.0-3e606820-545a-492f-a866-d72553828672-libsqlitejdbc.dylib
0x00000002773d3000 	/System/Library/PrivateFrameworks/TextInputUI.framework/Versions/A/TextInputUI
0x0000000277409000 	/System/Library/PrivateFrameworks/TextInputUIMacHelper.framework/Versions/A/TextInputUIMacHelper
0x00000001bc8ed000 	/System/Library/PrivateFrameworks/SafariPlatformSupport.framework/Versions/A/SafariPlatformSupport
0x000000013eaf0000 	/Users/joeroskopf/.openjfx/cache/21.0.11+4/aarch64/libprism_es2.dylib
0x000000022aa57000 	/System/Library/Frameworks/OpenGL.framework/Versions/A/Resources/GLEngine.bundle/GLEngine
0x000000022a8f7000 	/System/Library/Frameworks/OpenGL.framework/Versions/A/Libraries/libGLProgrammability.dylib
0x000000013f6e0000 	/System/Library/Extensions/AppleMetalOpenGLRenderer.bundle/Contents/MacOS/AppleMetalOpenGLRenderer
0x000000022abb5000 	/System/Library/Frameworks/OpenGL.framework/Versions/A/Resources/GLRendererFloat.bundle/GLRendererFloat
0x000000013f60c000 	/Users/joeroskopf/.openjfx/cache/21.0.11+4/aarch64/libglass.dylib
0x000000013f5c0000 	/Users/joeroskopf/Code/Phoebe/composeApp/build/native/macos/libPhoebeMediaKeys.dylib
0x00000001b43a7000 	/System/Library/Frameworks/MediaPlayer.framework/Versions/A/MediaPlayer
0x00000001b5866000 	/System/Library/PrivateFrameworks/MusicLibrary.framework/Versions/A/MusicLibrary
0x000000013f78c000 	/Users/joeroskopf/.sdkman/candidates/java/21.0.2-amzn/lib/libextnet.dylib
0x0000000235d5b000 	/System/Library/PrivateFrameworks/AccessibilityBundles.framework/Versions/A/AccessibilityBundles
0x00000001c4913000 	/usr/lib/libMemoryResourceException.dylib
0x0000000289008000 	/usr/lib/libnwswifttls.dylib
0x0000000141548000 	/Users/joeroskopf/.openjfx/cache/21.0.11+4/aarch64/libglib-lite.dylib
0x0000000141828000 	/Users/joeroskopf/.openjfx/cache/21.0.11+4/aarch64/libgstreamer-lite.dylib
0x000000014143c000 	/Users/joeroskopf/.openjfx/cache/21.0.11+4/aarch64/libjfxmedia.dylib
0x0000000141420000 	/Users/joeroskopf/.openjfx/cache/21.0.11+4/aarch64/libjfxmedia_avf.dylib
0x0000000141474000 	/Users/joeroskopf/.openjfx/cache/21.0.11+4/aarch64/libfxplugins.dylib
0x000000014168c000 	/System/Library/Components/CoreAudio.component/Contents/MacOS/CoreAudio
0x0000000144ae0000 	/System/Library/Components/AudioCodecs.component/Contents/MacOS/AudioCodecs
0x0000000146ed4000 	/System/Library/Components/AudioDSP.component/Contents/MacOS/AudioDSP
0x000000027f4f4000 	/System/Library/PrivateFrameworks/VoiceProcessor.framework/Versions/A/VoiceProcessor
0x000000026581b000 	/System/Library/PrivateFrameworks/PersonalAudio.framework/Versions/A/PersonalAudio
0x0000000287b5d000 	/usr/lib/libAudioDSPCore.dylib
0x000000023a1ea000 	/System/Library/PrivateFrameworks/AudioDSPGraph.framework/Versions/A/AudioDSPGraph
0x00000001d8737000 	/System/Library/PrivateFrameworks/HearingCore.framework/Versions/A/HearingCore
0x0000000141ad0000 	/System/Library/Frameworks/Security.framework/Versions/A/PlugIns/csparser.bundle/Contents/MacOS/csparser


VM Arguments:
jvm_args: -Dcompose.application.configure.swing.globals=true -Dcompose.application.resources.dir=/Users/joeroskopf/Code/Phoebe/composeApp/build/compose/tmp/prepareAppResources -Dphoebe.debug=true -Dphoebe.mediakeys.lib=/Users/joeroskopf/Code/Phoebe/composeApp/build/native/macos/libPhoebeMediaKeys.dylib -Dphoebe.storage.root=/Users/joeroskopf/.phoebe-debug -Dskiko.gpu.resourceCacheLimit=64M -XX:MinHeapFreeRatio=5 -XX:MaxHeapFreeRatio=20 -XX:+UseStringDeduplication -Xms32m -Xmx256m -Dfile.encoding=UTF-8 -Duser.country=US -Duser.language=en -Duser.variant 
java_command: com.phoebe.app.MainKt
java_class_path (initial): /Users/joeroskopf/Code/Phoebe/composeApp/build/libs/composeApp-desktop.jar:/Users/joeroskopf/.gradle/caches/modules-2/files-2.1/app.cash.sqldelight/coroutines-extensions-jvm/2.2.1/57db01cca75db01f64c58fb1db3aad67b1a52708/sqldelight-coroutines-extensions-jvm-2.2.1.jar:/Users/joeroskopf/.gradle/caches/modules-2/files-2.1/app.cash.sqldelight/async-extensions-jvm/2.2.1/1caa5e80a3f9587d9521bb5786d8004169abb659/sqldelight-async-extensions-jvm-2.2.1.jar:/Users/joeroskopf/.gradle/caches/modules-2/files-2.1/app.cash.sqldelight/primitive-adapters-jvm/2.2.1/1fa63234324901574f5b2bfd11935fb082481426/sqldelight-primitive-adapters-jvm-2.2.1.jar:/Users/joeroskopf/.gradle/caches/modules-2/files-2.1/app.cash.sqldelight/sqlite-driver/2.2.1/14c7c61ee75309171122d51489aa0bae72e3d28f/sqlite-driver-2.2.1.jar:/Users/joeroskopf/.gradle/caches/modules-2/files-2.1/app.cash.sqldelight/jdbc-driver/2.2.1/bd1eec7b45a148d571ecb1d4db97ca5c259a9a9c/jdbc-driver-2.2.1.jar:/Users/joeroskopf/.gradle/caches/modules-2/files-2.1/org.jetbrains.compose.components/components-resources-desktop/1.11.0/f4eb52d87f31584dacdb816a26376f39a1802e8a/library-desktop-1.11.0.jar:/Users/joeroskopf/.gradle/caches/modules-2/files-2.1/io.ktor/ktor-client-content-negotiation-jvm/3.3.2/12b03dbea379bf6f4c04e17c4af366332a2a8982/ktor-client-content-negotiation-jvm-3.3.2.jar:/Users/joeroskopf/.gradle/caches/modules-2/files-2.1/io.ktor/ktor-client-cio-jvm/3.3.2/495e0e864a381088704f461fbb46dc9cb0c49382/ktor-client-cio-jvm-3.3.2.jar:/Users/joeroskopf/.gradle/caches/modules-2/files-2.1/io.ktor/ktor-client-core-jvm/3.3.2/15191f34ce628664fca20f832e8ea8f332e95d92/ktor-client-core-jvm-3.3.2.jar:/Users/joeroskopf/.gradle/caches/modules-2/files-2.1/io.ktor/ktor-serialization-kotlinx-json-jvm/3.3.2/126cecf0bfce2050c39b43384e0ed4c4e30b2199/ktor-serialization-kotlinx-json-jvm-3.3.2.jar:/Users/joeroskopf/.gradle/caches/modules-2/files-2.1/org.jetbrains.kotlinx/kotlinx-coroutines-slf4j/1.10.2/1271f9d4a929150bb87ab8d1dc1e86d4bcf039f3/kotlinx-coroutines-slf4j-1.10.2.jar:/Users/joeroskopf/.gradle/caches/modules-2/files-2.1/org.jetbrains.compose.desktop/desktop-jvm/1.11.0/1fee826ff9d1fafd500b57a22facfc0236bc14c7/desktop-jvm-1.11.0.jar:/Users/joeroskopf/.gradle/caches/modules-2/files-2.1/org.jetbrains.skiko/skiko-awt-runtime-macos-arm64/0.144.6/fa12044f1775530103fd37e71f7bf5398a1d735d/skiko-awt-runtime-macos-arm64-0.144.6.jar:/Users/joeroskopf/.gradle/caches/modules-2/files-2.1/org.jetbrains.compose.material3/material3-desktop/1.11.0-alpha07/422cb57765628e3959d1e27ac46660593643296b/material3-desktop-1.11.0-alpha07.jar:/Users/joeroskopf/.gradle/caches/modules-2/files-2.1/org.jetbrains.androidx.navigation3/navigation3-ui-desktop/1.0.0-alpha05/10e518a7336bb63b02cd6d93bf038dcb63359678/navigation3-ui-desktop-1.0.0-alpha05.jar:/Users/joeroskopf/.gradle/caches/modules-2/files-2.1/org.jetbrains.compose.material/material-desktop/1.11.0/2891a6f3a62dc4c367636a521d1b680a7d6ff6d/material-desktop-1.11.0.jar:/Users/joeroskopf/.gradle/caches/modules-2/files-2.1/org.jetbrains.compose.animation/animation-core-desktop/1.11.0/1bf633ecd1a38a1cf7a41630bc56cba0da9cc25b/animation-core-desktop-1.11.0.jar:/Users/joeroskopf/.gradle/caches/modules-2/files-2.1/org.jetbrains.compose.material/material-ripple-desktop/1.11.0/ae97a5eeb23bc3f461bc3e16e2a9882175405d17/material-ripple-desktop-1.11.0.jar:/Users/joeroskopf/.gradle/caches/modules-2/files-2.1/org.jetbrains.compose.animation/animation-desktop/1.11.0/f873fb28f1a08d45a4dd20a0130b3da8cadf383c/animation-desktop-1.11.0.jar:/Users/joeroskopf/.gradle/caches/modules-2/files-2.1/org.jetbrains.compose.foundation/foundation-layout-desktop/1.11.0/853fc5d01388da6515ce40b719798914012f6469/foundation-layout-desktop-1.11.0.jar:/Users/joeroskopf/.gradle/caches/modules-2/files-2.1/org.jetbrains.compose.foundation/foundation-desktop/1.11.0/6df316e7af2c0c97f200de289925f62ca8fce53d/foundation-desktop-1.11.0.jar:/Users/joeroskopf/.gradle/caches/modules-2/files-2.1/org.jetbrains.compose.ui/ui-backhandler-desktop/1.11.0/bd3540bb1d6abd60c5e58f32663b2f3e89406cd1/ui-backhandler-desktop-1.11.0.jar:/Users/joeroskopf/.gradle/caches/modules-2/files-2.1/org.jetbrains.compose.ui/ui-unit-desktop/1.11.0/f6c06f98da206d01dc40c1587c6bc4c40cbef623/ui-unit-desktop-1.11.0.jar:/Users/joeroskopf/.gradle/caches/modules-2/files-2.1/org.jetbrains.compose.ui/ui-graphics-desktop/1.11.0/6ea106d02adf29694eedf12fdfb621947d3621bf/ui-graphics-desktop-1.11.0.jar:/Users/joeroskopf/.gradle/caches/modules-2/files-2.1/org.jetbrains.compose.ui/ui-geometry-desktop/1.11.0/5e430152487375359973ac9874653d335dcc220/ui-geometry-desktop-1.11.0.jar:/Users/joeroskopf/.gradle/caches/modules-2/files-2.1/org.jetbrains.compose.ui/ui-tooling-preview-desktop/1.11.0/97ec578d33adc34adcaa63e9af7bb2328c6c29b7/ui-tooling-preview-desktop-1.11.0.jar:/Users/joeroskopf/.gradle/caches/modules-2/files-2.1/org.jetbrains.compose.ui/ui-util-desktop/1.11.0/4302c582878b82ab24e1f34e6e90f967f7b416ed/ui-util-desktop-1.11.0.jar:/Users/joeroskopf/.gradle/caches/modules-2/files-2.1/org.jetbrains.compose.ui/ui-text-desktop/1.11.0/6ded685e2601260d6231c859a849b96ee6c60368/ui-text-desktop-1.11.0.jar:/Users/joeroskopf/.gradle/caches/modules-2/files-2.1/org.jetbrains.androidx.navigationevent/navigationevent-compose-desktop/1.0.0-beta02/42558162c8fb8fe14854468125f2380c8f0c38ce/navigationevent-compose-desktop-1.0.0-beta02.jar:/Users/joeroskopf/.gradle/caches/modules-2/files-2.1/org.jetbrains.compose.ui/ui-desktop/1.11.0/25db30fe824f0e7455ccf7a9455a69ce6f609e6c/ui-desktop-1.11.0.jar:/Users/joeroskopf/.gradle/caches/modules-2/files-2.1/org.jetbrains.skiko/skiko-awt/0.144.6/c9bec39e3c517ed5591c71c7db0cbbe64b6be849/skiko-awt-0.144.6.jar:/Users/joeroskopf/.gradle/caches/modules-2/files-2.1/androidx.navigation3/navigation3-runtime-desktop/1.0.0-rc01/d66b25fa7fc23969bae0d59e39c13be67c7a0736/navigation3-runtime-desktop-1.0.0-rc01.jar:/Users/joeroskopf/.gradle/caches/modules-2/files-2.1/androidx.navigationevent/navigationevent-desktop/1.0.1/ddb1e7fe97ed51c3d35bba493f97fcf12398719/navigationevent-desktop-1.0.1.jar:/Users/joeroskopf/.gradle/caches/modules-2/files-2.1/androidx.compose.runtime/runtime-retain-desktop/1.11.1/3aa3ec26ef2a3d26bc556b51b33d09efc1a198e8/runtime-retain-desktop-1.11.1.jar:/Users/joeroskopf/.gradle/caches/modules-2/files-2.1/androidx.compose.runtime/runtime-annotation-jvm/1.11.1/db4aa964627ac96331b72e231b9ad54318d112f4/runtime-annotation-jvm-1.11.1.jar:/Users/joeroskopf/.gradle/caches/modules-2/files-2.1/androidx.compose.runtime/runtime-saveable-desktop/1.11.1/1618fae89791692a224fe7aa79edbd7a8f5b7522/runtime-saveable-desktop-1.11.1.jar:/Users/joeroskopf/.gradle/caches/modules-2/files-2.1/org.jetbrains.compose.runtime/runtime-saveable-desktop/1.11.0/b7c8a8ed985a0f15b4d8d206de1fc6125b499388/runtime-saveable-desktop-1.11.0.jar:/Users/joeroskopf/.gradle/caches/modules-2/files-2.1/androidx.lifecycle/lifecycle-viewmodel-savedstate-desktop/2.10.0-rc01/ec55d21af7e860f55e1797163df33737473f211a/lifecycle-viewmodel-savedstate-desktop-2.10.0-rc01.jar:/Users/joeroskopf/.gradle/caches/modules-2/files-2.1/androidx.lifecycle/lifecycle-viewmodel-desktop/2.10.0-rc01/8ff3a014a8c7e901085b76191cdbdfb4d9322cc2/lifecycle-viewmodel-desktop-2.10.0-rc01.jar:/Users/joeroskopf/.gradle/caches/modules-2/files-2.1/org.jetbrains.androidx.savedstate/savedstate-compose-desktop/1.3.6/63692375ffe667f12cb3ea8aa1e605d659ed2add/savedstate-compose-desktop-1.3.6.jar:/Users/joeroskopf/.gradle/caches/modules-2/files-2.1/androidx.savedstate/savedstate-compose-desktop/1.4.0/d3d6e0e2108528eb6080dc250da925a572be4202/savedstate-compose-desktop-1.4.0.jar:/Users/joeroskopf/.gradle/caches/modules-2/files-2.1/androidx.savedstate/savedstate-desktop/1.4.0/3b049a0f81643d6b4b900de95bc23efc085c32d5/savedstate-desktop-1.4.0.jar:/Users/joeroskopf/.gradle/caches/modules-2/files-2.1/androidx.lifecycle/lifecycle-common-jvm/2.10.0-rc01/2b7a92c746f3339efc533a2da0024e596760f816/lifecycle-common-jvm-2.10.0-rc01.jar:/Users/joeroskopf/.gradle/caches/modules-2/files-2.1/androidx.lifecycle/lifecycle-runtime-desktop/2.10.0-rc01/fe39fe8e677652fd188c3cf1b1089a4c31bccd14/lifecycle-runtime-desktop-2.10.0-rc01.jar:/Users/joeroskopf/.gradle/caches/modules-2/files-2.1/androidx.lifecycle/lifecycle-runtime-compose-desktop/2.10.0-rc01/c277d78d334495bc70c976007a6fddb4c39ff65c/lifecycle-runtime-compose-desktop-2.10.0-rc01.jar:/Users/joeroskopf/.gradle/caches/modules-2/files-2.1/org.jetbrains.androidx.lifecycle/lifecycle-runtime-compose-desktop/2.10.0-alpha05/7b6b6793f3c4c5996b20d1d99cf728e5fac00364/lifecycle-runtime-compose-desktop-2.10.0-alpha05.jar:/Users/joeroskopf/.gradle/caches/modules-2/files-2.1/org.jetbrains.compose.runtime/runtime-desktop/1.11.0/1941336b045aac4b87cc3be81d9fdb9977c88c61/runtime-desktop-1.11.0.jar:/Users/joeroskopf/.gradle/caches/modules-2/files-2.1/androidx.compose.runtime/runtime-desktop/1.11.1/d778cba765eaed705d37ddd06542a01369fcbb16/runtime-desktop-1.11.1.jar:/Users/joeroskopf/.gradle/caches/modules-2/files-2.1/io.ktor/ktor-http-cio-jvm/3.3.2/56d5a13842fdff14129cbcc36163db26e7891baa/ktor-http-cio-jvm-3.3.2.jar:/Users/joeroskopf/.gradle/caches/modules-2/files-2.1/io.ktor/ktor-websocket-serialization-jvm/3.3.2/6b020269fa90ef84b14e4a459629615ae4db6cb1/ktor-websocket-serialization-jvm-3.3.2.jar:/Users/joeroskopf/.gradle/caches/modules-2/files-2.1/io.ktor/ktor-serialization-kotlinx-jvm/3.3.2/78c9bcdcf8b2fb5ada1e80a6ea84b3392d6ae001/ktor-serialization-kotlinx-jvm-3.3.2.jar:/Users/joeroskopf/.gradle/caches/modules-2/files-2.1/io.ktor/ktor-serialization-jvm/3.3.2/6c6ddfb5cbe01210433e1739f8c1a3e84d584b8f/ktor-serialization-jvm-3.3.2.jar:/Users/joeroskopf/.gradle/caches/modules-2/files-2.1/io.ktor/ktor-websockets-jvm/3.3.2/c67fbf727df59732094d8de5f68aa918e3098df8/ktor-websockets-jvm-3.3.2.jar:/Users/joeroskopf/.gradle/caches/modules-2/files-2.1/io.ktor/ktor-network-tls-jvm/3.3.2/cdc1da2050bb284a88700780748c5e7f5483885e/ktor-network-tls-jvm-3.3.2.jar:/Users/joeroskopf/.gradle/caches/modules-2/files-2.1/io.ktor/ktor-http-jvm/3.3.2/c7b6349c096c2e46c92cfe9c1e9ea7c5babe9cc7/ktor-http-jvm-3.3.2.jar:/Users/joeroskopf/.gradle/caches/modules-2/files-2.1/io.ktor/ktor-events-jvm/3.3.2/a7a87163c64d7e70b50309ae1729ffbe0f9a7766/ktor-events-jvm-3.3.2.jar:/Users/joeroskopf/.gradle/caches/modules-2/files-2.1/io.ktor/ktor-sse-jvm/3.3.2/dc33bd71fbd4cbaf1f92079cb8d3fcd2aae777e0/ktor-sse-jvm-3.3.2.jar:/Users/joeroskopf/.gradle/caches/modules-2/files-2.1/io.ktor/ktor-network-jvm/3.3.2/912ca46706ce34717b930c99348152a8f4856f53/ktor-network-jvm-3.3.2.jar:/Users/joeroskopf/.gradle/caches/modules-2/files-2.1/io.ktor/ktor-utils-jvm/3.3.2/f908dce9a41aaac9e2a5150bcf6f5b80a595c8d1/ktor-utils-jvm-3.3.2.jar:/Users/joeroskopf/.gradle/caches/modules-2/files-2.1/io.ktor/ktor-io-jvm/3.3.2/4f5bf2c9971e26dd0ee67aceae8b504f68bc2d46/ktor-io-jvm-3.3.2.jar:/Users/joeroskopf/.gradle/caches/modules-2/files-2.1/org.jetbrains.kotlinx/kotlinx-coroutines-core-jvm/1.10.2/4a9f78ef49483748e2c129f3d124b8fa249dafbf/kotlinx-coroutines-core-jvm-1.10.2.jar:/Users/joeroskopf/.gradle/caches/modules-2/files-2.1/org.jetbrains.kotlinx/kotlinx-coroutines-swing/1.10.2/ccb5a2e7c83fa76da0ba4677f05678d3bd3eed57/kotlinx-coroutines-swing-1.10.2.jar:/Users/joeroskopf/.gradle/caches/modules-2/files-2.1/app.cash.sqldelight/runtime-jvm/2.2.1/db9095b526694836a06428c2ef14b0562b8a7028/runtime-jvm-2.2.1.jar:/Users/joeroskopf/.gradle/caches/modules-2/files-2.1/org.jetbrains.kotlinx/kotlinx-serialization-json-io-jvm/1.9.0/3a371942a591532d0d9245ca6787ee677853bebd/kotlinx-serialization-json-io-jvm-1.9.0.jar:/Users/joeroskopf/.gradle/caches/modules-2/files-2.1/org.jetbrains.kotlinx/kotlinx-serialization-core-jvm/1.9.0/91448df39c558f7c6147b8bd8db01debe16e0cc1/kotlinx-serialization-core-jvm-1.9.0.jar:/Users/joeroskopf/.gradle/caches/modules-2/files-2.1/org.jetbrains.kotlinx/kotlinx-serialization-json-jvm/1.9.0/aea6f7d49fe5c458f8963ee6d4bdaf4a459ab3e7/kotlinx-serialization-json-jvm-1.9.0.jar:/Users/joeroskopf/.gradle/caches/modules-2/files-2.1/io.sentry/sentry-kotlin-multiplatform-jvm/0.26.0/6982003cd5a54c521504188c1544ec02ac2e7211/sentry-kotlin-multiplatform-jvm-0.26.0.jar:/Users/joeroskopf/.gradle/caches/modules-2/files-2.1/androidx.graphics/graphics-shapes-desktop/1.1.0/a5d2198960bdc0915f74c6b2954d3323f35f40ea/graphics-shapes-desktop-1.1.0.jar:/Users/joeroskopf/.gradle/caches/modules-2/files-2.1/androidx.collection/collection-jvm/1.5.0/7ba2c69414d46ebc2dd76598bdd0a75c54281a57/collection-jvm-1.5.0.jar:/Users/joeroskopf/.gradle/caches/modules-2/files-2.1/org.jetbrains.kotlinx/atomicfu-jvm/0.28.0/6a9ac536f4b2144e57c176fd4e26821eb12084f4/atomicfu-jvm-0.28.0.jar:/Users/joeroskopf/.gradle/caches/modules-2/files-2.1/org.jetbrains.kotlinx/kotlinx-datetime-jvm/0.7.1/81c2e0246bd28cc2dcbdf0ab53628322e66a9de9/kotlinx-datetime-jvm-0.7.1.jar:/Users/joeroskopf/.gradle/caches/modules-2/files-2.1/androidx.arch.core/core-common/2.2.0/5e1b8b81dfd5f52c56a8d53b18ca759c19a301f3/core-common-2.2.0.jar:/Users/joeroskopf/.gradle/caches/modules-2/files-2.1/androidx.annotation/annotation-jvm/1.9.1/b17951747e38bf3986a24431b9ba0d039958aa5f/annotation-jvm-1.9.1.jar:/Users/joeroskopf/.gradle/caches/modules-2/files-2.1/org.jetbrains.kotlinx/kotlinx-io-core-jvm/0.8.0/358a9f2ba2dc81c5dc84c3d1853f6e5efba63be1/kotlinx-io-core-jvm-0.8.0.jar:/Users/joeroskopf/.gradle/caches/modules-2/files-2.1/org.jetbrains.kotlinx/kotlinx-io-bytestring-jvm/0.8.0/89c5399596250e71f2bba6d2415972a078a525c7/kotlinx-io-bytestring-jvm-0.8.0.jar:/Users/joeroskopf/.gradle/caches/modules-2/files-2.1/org.jetbrains.kotlin/kotlin-stdlib/2.3.21/a2ee2c4e220fee522f0451b723bab2a43f3481a7/kotlin-stdlib-2.3.21.jar:/Users/joeroskopf/.gradle/caches/modules-2/files-2.1/com.github.kwhat/jnativehook/2.2.2/183dd1fb8927b008761802bb402629d5749b15d0/jnativehook-2.2.2.jar:/Users/joeroskopf/.gradle/caches/modules-2/files-2.1/net.java.dev.jna/jna/5.18.1/b27ba04287cc4abe769642fe8318d39fc89bf937/jna-5.18.1.jar:/Users/joeroskopf/.gradle/caches/modules-2/files-2.1/net.jthink/jaudiotagger/3.0.1/ca3075f6bd92da24daf853651adc8852ecccb999/jaudiotagger-3.0.1.jar:/Users/joeroskopf/.gradle/caches/modules-2/files-2.1/org.openjfx/javafx-media/21.0.11/28c88308924bca496efcec682dd0a2d43ee531f2/javafx-media-21.0.11-mac-aarch64.jar:/Users/joeroskopf/.gradle/caches/modules-2/files-2.1/org.openjfx/javafx-swing/21.0.11/2df3e570d8fa64e7c8897a0f623f60f763d3d8c/javafx-swing-21.0.11-mac-aarch64.jar:/Users/joeroskopf/.gradle/caches/modules-2/files-2.1/org.openjfx/javafx-graphics/21.0.11/afd43fe3e122c7994fbcfd6fd4388eae7c84fd41/javafx-graphics-21.0.11-mac-aarch64.jar:/Users/joeroskopf/.gradle/caches/modules-2/files-2.1/org.openjfx/javafx-graphics/21.0.11/573605c5355fefd70f12732dc6b5129a0e1e8cb4/javafx-graphics-21.0.11.jar:/Users/joeroskopf/.gradle/caches/modules-2/files-2.1/org.openjfx/javafx-base/21.0.11/bff054e3cb484c16d56e29399c531ee44c39cafa/javafx-base-21.0.11-mac-aarch64.jar:/Users/joeroskopf/.gradle/caches/modules-2/files-2.1/org.openjfx/javafx-base/21.0.11/d18669807ec048d4be1bfde4dbb772cdab65f372/javafx-base-21.0.11.jar:/Users/joeroskopf/.gradle/caches/modules-2/files-2.1/com.googlecode.soundlibs/mp3spi/1.9.5.4/3bdf9ffd65c157daec8735e127c3705513bd384d/mp3spi-1.9.5.4.jar:/Users/joeroskopf/.gradle/caches/modules-2/files-2.1/com.googlecode.soundlibs/vorbisspi/1.0.3.3/9454df3e9d57bfa5b17292f72c68ac2dbb09de61/vorbisspi-1.0.3.3.jar:/Users/joeroskopf/.gradle/caches/modules-2/files-2.1/org.jflac/jflac-codec/1.5.2/21da27e1fa32a059040c09d05e4265ac0cec95fa/jflac-codec-1.5.2.jar:/Users/joeroskopf/.gradle/caches/modules-2/files-2.1/org.jetbrains/annotations/23.0.0/8cc20c07506ec18e0834947b84a864bfc094484e/annotations-23.0.0.jar:/Users/joeroskopf/.gradle/caches/modules-2/files-2.1/org.xerial/sqlite-jdbc/3.51.0.0/17c4e0d41dd482d6f35547f4235d55e72b7cf0f1/sqlite-jdbc-3.51.0.0.jar:/Users/joeroskopf/.gradle/caches/modules-2/files-2.1/com.googlecode.soundlibs/jlayer/1.0.1.4/b8df07ad72b482f7d6e6dee7fed669385e8dd92f/jlayer-1.0.1.4.jar:/Users/joeroskopf/.gradle/caches/modules-2/files-2.1/com.googlecode.soundlibs/tritonus-share/0.3.7.4/bdddc55194f9cf7b970dd5f3affcbacb88342b0b/tritonus-share-0.3.7.4.jar:/Users/joeroskopf/.gradle/caches/modules-2/files-2.1/com.googlecode.soundlibs/jorbis/0.0.17.4/19ddf424c59cc8ed548fad5f33037ff82a915aae/jorbis-0.0.17.4.jar:/Users/joeroskopf/.gradle/caches/modules-2/files-2.1/org.jetbrains.runtime/jbr-api/1.9.0/2bc161f5472b5fd5610740e4d6ebe896c811cb0e/jbr-api-1.9.0.jar:/Users/joeroskopf/.gradle/caches/modules-2/files-2.1/org.slf4j/slf4j-api/2.0.17/d9e58ac9c7779ba3bf8142aff6c830617a7fe60f/slf4j-api-2.0.17.jar:/Users/joeroskopf/.gradle/caches/modules-2/files-2.1/io.sentry/sentry/8.40.0/7db6df2f041bf87e8cc9b8d67f92dca8d4b5e38d/sentry-8.40.0.jar:/Users/joeroskopf/.gradle/caches/modules-2/files-2.1/junit/junit/3.8.2/7e4cde26b53a9a0e3fe5b00d1dbbc7cc1d46060/junit-3.8.2.jar:/Users/joeroskopf/.gradle/caches/modules-2/files-2.1/org.jspecify/jspecify/1.0.0/7425a601c1c7ec76645a78d22b8c6a627edee507/jspecify-1.0.0.jar
Launcher Type: SUN_STANDARD

[Global flags]
     intx CICompilerCount                          = 4                                         {product} {ergonomic}
     uint ConcGCThreads                            = 2                                         {product} {ergonomic}
     uint G1ConcRefinementThreads                  = 9                                         {product} {ergonomic}
   size_t G1HeapRegionSize                         = 1048576                                   {product} {ergonomic}
    uintx GCDrainStackTargetSize                   = 64                                        {product} {ergonomic}
   size_t InitialHeapSize                          = 33554432                                  {product} {command line}
   size_t MarkStackSize                            = 4194304                                   {product} {ergonomic}
    uintx MaxHeapFreeRatio                         = 20                                     {manageable} {command line}
   size_t MaxHeapSize                              = 268435456                                 {product} {command line}
   size_t MaxNewSize                               = 160432128                                 {product} {ergonomic}
   size_t MinHeapDeltaBytes                        = 1048576                                   {product} {ergonomic}
    uintx MinHeapFreeRatio                         = 5                                      {manageable} {command line}
   size_t MinHeapSize                              = 33554432                                  {product} {command line}
    uintx NonNMethodCodeHeapSize                   = 5839564                                {pd product} {ergonomic}
    uintx NonProfiledCodeHeapSize                  = 122909338                              {pd product} {ergonomic}
    uintx ProfiledCodeHeapSize                     = 122909338                              {pd product} {ergonomic}
    uintx ReservedCodeCacheSize                    = 251658240                              {pd product} {ergonomic}
     bool SegmentedCodeCache                       = true                                      {product} {ergonomic}
   size_t SoftMaxHeapSize                          = 268435456                              {manageable} {ergonomic}
     bool UseCompressedOops                        = true                           {product lp64_product} {ergonomic}
     bool UseG1GC                                  = true                                      {product} {ergonomic}
     bool UseNUMA                                  = false                                     {product} {ergonomic}
     bool UseNUMAInterleaving                      = false                                     {product} {ergonomic}
     bool UseStringDeduplication                   = true                                      {product} {command line}

Logging:
Log output configuration:
 #0: stdout all=warning uptime,level,tags foldmultilines=false
 #1: stderr all=off uptime,level,tags foldmultilines=false

Environment Variables:
JAVA_HOME=/Users/joeroskopf/.sdkman/candidates/java/current
PATH=/Users/joeroskopf/.antigravity/antigravity/bin:/Users/joeroskopf/.local/bin:/opt/homebrew/lib/ruby/gems/3.2.0/bin:/opt/homebrew/opt/ruby/bin:/Users/joeroskopf/Library/Android/sdk/platform-tools:/Users/joeroskopf/Library/Android/sdk/tools:/Users/joeroskopf/.antigravity/antigravity/bin:/Users/joeroskopf/.local/bin:/Users/joeroskopf/.sdkman/candidates/java/current/bin:/Users/joeroskopf/.sdkman/candidates/gradleprofiler/current/bin:/opt/homebrew/lib/ruby/gems/3.2.0/bin:/opt/homebrew/opt/ruby/bin:/Users/joeroskopf/Library/Android/sdk/platform-tools:/Users/joeroskopf/Library/Android/sdk/tools:/opt/homebrew/bin:/opt/homebrew/sbin:/usr/local/bin:/System/Cryptexes/App/usr/bin:/usr/bin:/bin:/usr/sbin:/sbin:/var/run/com.apple.security.cryptexd/codex.system/bootstrap/usr/local/bin:/var/run/com.apple.security.cryptexd/codex.system/bootstrap/usr/bin:/var/run/com.apple.security.cryptexd/codex.system/bootstrap/usr/appleinternal/bin:/opt/pkg/env/active/bin:/opt/pmk/env/global/bin:/Library/Apple/usr/bin:/Users/joeroskopf/Library/Application Support/JetBrains/Toolbox/scripts:/Users/joeroskopf/.maestro/bin:/Users/joeroskopf/.maestro/bin
SHELL=/bin/zsh
LANG=en_US.UTF-8
LC_ALL=en_US.UTF-8
TERM=xterm-256color
TMPDIR=/var/folders/tn/2nfw05pj3193kx9csf2mt9hm0000gn/T/

Active Locale:
LC_ALL=en_US.UTF-8
LC_COLLATE=en_US.UTF-8
LC_CTYPE=en_US.UTF-8
LC_MESSAGES=en_US.UTF-8
LC_MONETARY=en_US.UTF-8
LC_NUMERIC=en_US.UTF-8
LC_TIME=en_US.UTF-8

Signal Handlers:
   SIGSEGV: crash_handler in libjvm.dylib, mask=11100110000111110111111111111111, flags=SA_ONSTACK|SA_RESTART|SA_SIGINFO, unblocked
    SIGBUS: crash_handler in libjvm.dylib, mask=11100110000111110111111111111111, flags=SA_RESTART|SA_SIGINFO, unblocked
    SIGFPE: crash_handler in libjvm.dylib, mask=11100110000111110111111111111111, flags=SA_RESTART|SA_SIGINFO, unblocked
   SIGPIPE: javaSignalHandler in libjvm.dylib, mask=11100110000111110111111111111111, flags=SA_RESTART|SA_SIGINFO, unblocked
   SIGXFSZ: javaSignalHandler in libjvm.dylib, mask=11100110000111110111111111111111, flags=SA_RESTART|SA_SIGINFO, unblocked
    SIGILL: crash_handler in libjvm.dylib, mask=11100110000111110111111111111111, flags=SA_RESTART|SA_SIGINFO, unblocked
   SIGUSR2: SR_handler in libjvm.dylib, mask=00000000000000000000000000000000, flags=SA_RESTART|SA_SIGINFO, unblocked
    SIGHUP: UserHandler in libjvm.dylib, mask=11100110000111110111111111111111, flags=SA_RESTART|SA_SIGINFO, unblocked
    SIGINT: UserHandler in libjvm.dylib, mask=11100110000111110111111111111111, flags=SA_RESTART|SA_SIGINFO, unblocked
   SIGTERM: UserHandler in libjvm.dylib, mask=11100110000111110111111111111111, flags=SA_RESTART|SA_SIGINFO, unblocked
   SIGQUIT: UserHandler in libjvm.dylib, mask=11100110000111110111111111111111, flags=SA_RESTART|SA_SIGINFO, blocked
   SIGTRAP: crash_handler in libjvm.dylib, mask=11100110000111110111111111111111, flags=SA_RESTART|SA_SIGINFO, unblocked


Periodic native trim disabled

---------------  S Y S T E M  ---------------

OS:
uname: Darwin 25.4.0 Darwin Kernel Version 25.4.0: Thu Mar 19 19:30:44 PDT 2026; root:xnu-12377.101.15~1/RELEASE_ARM64_T6000 arm64
OS uptime: 3 days 23:34 hours
rlimit (soft/hard): STACK 8176k/65520k , CORE 0k/infinity , NPROC 5333/8000 , NOFILE 12544/infinity , AS infinity/infinity , CPU infinity/infinity , DATA infinity/infinity , FSIZE infinity/infinity , MEMLOCK infinity/infinity , RSS infinity/infinity
load average: 9.91 12.19 11.69

CPU: total 10 (initial active 10) 0x61:0x0:0x1b588bb3:0, fp, asimd, aes, pmull, sha1, sha256, crc32, lse, sha3, sha512
machdep.cpu.brand_string:Apple M1 Pro
hw.cachelinesize:128
hw.l1icachesize:131072
hw.l1dcachesize:65536
hw.l2cachesize:4194304

Memory: 16k page, physical 33554432k(102784k free), swap 4194304k(1264832k free)

vm_info: OpenJDK 64-Bit Server VM (21.0.2+13-LTS) for bsd-aarch64 JRE (21.0.2+13-LTS), built on 2024-01-10T23:16:06Z by "ec2user" with clang Apple LLVM 14.0.0 (clang-1400.0.29.202)

END.
